caller,callee,weight
com.example.android.architecture.blueprints.todoapp.MainCoroutineRule.starting,com.example.android.architecture.blueprints.todoapp.MainCoroutineRule.finished,1
com.example.android.architecture.blueprints.todoapp.TodoActivity.onCreate,com.example.android.architecture.blueprints.todoapp.TodoNavGraphKt.TodoNavGraph,1
com.example.android.architecture.blueprints.todoapp.TodoListManager.addTask,com.example.android.architecture.blueprints.todoapp.TodoListManager.clearTasks,1
com.example.android.architecture.blueprints.todoapp.TodoListManager.addTask,com.example.android.architecture.blueprints.todoapp.TodoListManager.containsTask,1
com.example.android.architecture.blueprints.todoapp.TodoListManager.addTask,com.example.android.architecture.blueprints.todoapp.TodoListManager.getTaskCount,1
com.example.android.architecture.blueprints.todoapp.TodoListManager.addTask,com.example.android.architecture.blueprints.todoapp.TodoListManager.removeTask,1
com.example.android.architecture.blueprints.todoapp.TodoListManagerTest.addTask_validTask_shouldAddSuccessfully,com.example.android.architecture.blueprints.todoapp.TodoListManagerTest.addTask_blankTask_shouldNotAdd,1
com.example.android.architecture.blueprints.todoapp.TodoListManagerTest.addTask_validTask_shouldAddSuccessfully,com.example.android.architecture.blueprints.todoapp.TodoListManagerTest.clearTasks_shouldRemoveAllTasks,1
com.example.android.architecture.blueprints.todoapp.TodoListManagerTest.addTask_validTask_shouldAddSuccessfully,com.example.android.architecture.blueprints.todoapp.TodoListManagerTest.removeTask_existingTask_shouldRemoveSuccessfully,1
com.example.android.architecture.blueprints.todoapp.TodoListManagerTest.addTask_validTask_shouldAddSuccessfully,com.example.android.architecture.blueprints.todoapp.TodoListManagerTest.removeTask_nonExistingTask_shouldReturnFalse,1
com.example.android.architecture.blueprints.todoapp.TodoListManagerTest.addTask_validTask_shouldAddSuccessfully,com.example.android.architecture.blueprints.todoapp.TodoListManagerTest.updateTask_existingTask_shouldUpdateSuccessfully,1
com.example.android.architecture.blueprints.todoapp.TodoListManagerTest.addTask_validTask_shouldAddSuccessfully,com.example.android.architecture.blueprints.todoapp.TodoListManagerTest.updateTask_nonExistingTask_shouldReturnFalse,1
com.example.android.architecture.blueprints.todoapp.TodoNavGraphKt.TodoNavGraph,com.example.android.architecture.blueprints.todoapp.addedittask.AddEditTaskScreenKt.AddEditTaskScreen,1
com.example.android.architecture.blueprints.todoapp.TodoNavGraphKt.TodoNavGraph,com.example.android.architecture.blueprints.todoapp.statistics.StatisticsScreenKt.StatisticsScreen,1
com.example.android.architecture.blueprints.todoapp.TodoNavGraphKt.TodoNavGraph,com.example.android.architecture.blueprints.todoapp.taskdetail.TaskDetailScreenKt.TaskDetailScreen,1
com.example.android.architecture.blueprints.todoapp.TodoNavGraphKt.TodoNavGraph,com.example.android.architecture.blueprints.todoapp.tasks.TasksScreenKt.TasksScreen,1
com.example.android.architecture.blueprints.todoapp.TodoNavGraphKt.TodoNavGraph,com.example.android.architecture.blueprints.todoapp.util.TodoDrawerKt.AppModalDrawer,2
com.example.android.architecture.blueprints.todoapp.TodoScreens.navigateToTasks,com.example.android.architecture.blueprints.todoapp.TodoScreens.navigateToAddEditTask,1
com.example.android.architecture.blueprints.todoapp.TodoScreens.navigateToTasks,com.example.android.architecture.blueprints.todoapp.TodoScreens.navigateToStatistics,1
com.example.android.architecture.blueprints.todoapp.TodoScreens.navigateToTasks,com.example.android.architecture.blueprints.todoapp.TodoScreens.navigateToTaskDetail,1
com.example.android.architecture.blueprints.todoapp.TodoService.loadTasks,com.example.android.architecture.blueprints.todoapp.TodoService.addNewTask,1
com.example.android.architecture.blueprints.todoapp.TodoService.loadTasks,com.example.android.architecture.blueprints.todoapp.TodoService.deleteExistingTask,1
com.example.android.architecture.blueprints.todoapp.TodoServiceMockKTest.loadTasks_repositoryReturnsTasks_shouldReturnTaskList,com.example.android.architecture.blueprints.todoapp.TodoServiceMockKTest.addNewTask_blankTask_shouldNotCallRepository,1
com.example.android.architecture.blueprints.todoapp.TodoServiceMockKTest.loadTasks_repositoryReturnsTasks_shouldReturnTaskList,com.example.android.architecture.blueprints.todoapp.TodoServiceMockKTest.addNewTask_validTask_shouldCallRepository,1
com.example.android.architecture.blueprints.todoapp.TodoServiceMockKTest.loadTasks_repositoryReturnsTasks_shouldReturnTaskList,com.example.android.architecture.blueprints.todoapp.TodoServiceMockKTest.deleteExistingTask_blankTask_shouldNotCallRepository,1
com.example.android.architecture.blueprints.todoapp.TodoServiceMockKTest.loadTasks_repositoryReturnsTasks_shouldReturnTaskList,com.example.android.architecture.blueprints.todoapp.TodoServiceMockKTest.deleteExistingTask_validTask_shouldCallRepository,1
com.example.android.architecture.blueprints.todoapp.addedittask.AddEditTaskScreenKt.AddEditTaskScreen,com.example.android.architecture.blueprints.todoapp.addedittask.AddEditTaskScreenKt.AddEditTaskContent,2
com.example.android.architecture.blueprints.todoapp.addedittask.AddEditTaskScreenKt.AddEditTaskScreen,com.example.android.architecture.blueprints.todoapp.util.TopAppBarsKt.AddEditTaskTopAppBar,1
com.example.android.architecture.blueprints.todoapp.addedittask.AddEditTaskScreenTest.setup,com.example.android.architecture.blueprints.todoapp.addedittask.AddEditTaskScreenKt.AddEditTaskScreen,1
com.example.android.architecture.blueprints.todoapp.addedittask.AddEditTaskScreenTest.setup,com.example.android.architecture.blueprints.todoapp.addedittask.AddEditTaskScreenTest.emptyTask_isNotSaved,1
com.example.android.architecture.blueprints.todoapp.addedittask.AddEditTaskScreenTest.setup,com.example.android.architecture.blueprints.todoapp.addedittask.AddEditTaskScreenTest.validTask_isSaved,1
com.example.android.architecture.blueprints.todoapp.addedittask.AddEditTaskUiState.saveTask,com.example.android.architecture.blueprints.todoapp.addedittask.AddEditTaskUiState.createNewTask,2
com.example.android.architecture.blueprints.todoapp.addedittask.AddEditTaskUiState.saveTask,com.example.android.architecture.blueprints.todoapp.addedittask.AddEditTaskUiState.loadTask,2
com.example.android.architecture.blueprints.todoapp.addedittask.AddEditTaskUiState.saveTask,com.example.android.architecture.blueprints.todoapp.addedittask.AddEditTaskUiState.updateDescription,1
com.example.android.architecture.blueprints.todoapp.addedittask.AddEditTaskUiState.saveTask,com.example.android.architecture.blueprints.todoapp.addedittask.AddEditTaskUiState.updateTitle,1
com.example.android.architecture.blueprints.todoapp.addedittask.AddEditTaskViewModelTest.setupViewModel,com.example.android.architecture.blueprints.todoapp.addedittask.AddEditTaskUiState.updateDescription,2
com.example.android.architecture.blueprints.todoapp.addedittask.AddEditTaskViewModelTest.setupViewModel,com.example.android.architecture.blueprints.todoapp.addedittask.AddEditTaskUiState.updateTitle,2
com.example.android.architecture.blueprints.todoapp.addedittask.AddEditTaskViewModelTest.setupViewModel,com.example.android.architecture.blueprints.todoapp.addedittask.AddEditTaskViewModelTest.loadTasks_taskShown,1
com.example.android.architecture.blueprints.todoapp.addedittask.AddEditTaskViewModelTest.setupViewModel,com.example.android.architecture.blueprints.todoapp.addedittask.AddEditTaskViewModelTest.saveNewTaskToRepository_emptyDescriptionEmptyTitle_error,1
com.example.android.architecture.blueprints.todoapp.addedittask.AddEditTaskViewModelTest.setupViewModel,com.example.android.architecture.blueprints.todoapp.addedittask.AddEditTaskViewModelTest.saveNewTaskToRepository_emptyDescription_error,1
com.example.android.architecture.blueprints.todoapp.addedittask.AddEditTaskViewModelTest.setupViewModel,com.example.android.architecture.blueprints.todoapp.addedittask.AddEditTaskViewModelTest.saveNewTaskToRepository_emptyTitle_error,1
com.example.android.architecture.blueprints.todoapp.addedittask.AddEditTaskViewModelTest.setupViewModel,com.example.android.architecture.blueprints.todoapp.addedittask.AddEditTaskViewModelTest.saveNewTaskToRepository_showsSuccessMessageUi,1
com.example.android.architecture.blueprints.todoapp.addedittask.AddEditTaskViewModelTest.setupViewModel,com.example.android.architecture.blueprints.todoapp.addedittask.AddEditTaskViewModelTest.saveTaskAndAssertUserMessage,4
com.example.android.architecture.blueprints.todoapp.addedittask.AddEditTaskViewModelTest.setupViewModel,com.example.android.architecture.blueprints.todoapp.data.FakeTaskRepository.addTasks,1
com.example.android.architecture.blueprints.todoapp.data.DefaultTaskRepository.createTask,com.example.android.architecture.blueprints.todoapp.data.DefaultTaskRepository.saveTasksToNetwork,8
com.example.android.architecture.blueprints.todoapp.data.DefaultTaskRepositoryTest.createRepository,com.example.android.architecture.blueprints.todoapp.data.DefaultTaskRepositoryTest.completeTask_activeTaskToServiceAPIUpdatesCache,1
com.example.android.architecture.blueprints.todoapp.data.DefaultTaskRepositoryTest.createRepository,com.example.android.architecture.blueprints.todoapp.data.DefaultTaskRepositoryTest.completeTask_completesTaskToServiceAPIUpdatesCache,1
com.example.android.architecture.blueprints.todoapp.data.DefaultTaskRepositoryTest.createRepository,com.example.android.architecture.blueprints.todoapp.data.DefaultTaskRepositoryTest.deleteSingleTask,1
com.example.android.architecture.blueprints.todoapp.data.DefaultTaskRepositoryTest.createRepository,com.example.android.architecture.blueprints.todoapp.data.DefaultTaskRepositoryTest.getTask_forceRefresh,1
com.example.android.architecture.blueprints.todoapp.data.DefaultTaskRepositoryTest.createRepository,com.example.android.architecture.blueprints.todoapp.data.DefaultTaskRepositoryTest.getTask_repositoryCachesAfterFirstApiCall,1
com.example.android.architecture.blueprints.todoapp.data.DefaultTaskRepositoryTest.createRepository,com.example.android.architecture.blueprints.todoapp.data.DefaultTaskRepositoryTest.getTasks_WithBothDataSourcesUnavailable_throwsError,1
com.example.android.architecture.blueprints.todoapp.data.DefaultTaskRepositoryTest.createRepository,com.example.android.architecture.blueprints.todoapp.data.DefaultTaskRepositoryTest.getTasks_WithDirtyCache_remoteUnavailable_throwsException,1
com.example.android.architecture.blueprints.todoapp.data.DefaultTaskRepositoryTest.createRepository,com.example.android.architecture.blueprints.todoapp.data.DefaultTaskRepositoryTest.getTasks_WithDirtyCache_tasksAreRetrievedFromRemote,1
com.example.android.architecture.blueprints.todoapp.data.DefaultTaskRepositoryTest.createRepository,com.example.android.architecture.blueprints.todoapp.data.DefaultTaskRepositoryTest.getTasks_WithRemoteDataSourceUnavailable_tasksAreRetrievedFromLocal,1
com.example.android.architecture.blueprints.todoapp.data.DefaultTaskRepositoryTest.createRepository,com.example.android.architecture.blueprints.todoapp.data.DefaultTaskRepositoryTest.getTasks_emptyRepositoryAndUninitializedCache,1
com.example.android.architecture.blueprints.todoapp.data.DefaultTaskRepositoryTest.createRepository,com.example.android.architecture.blueprints.todoapp.data.DefaultTaskRepositoryTest.getTasks_refreshesLocalDataSource,1
com.example.android.architecture.blueprints.todoapp.data.DefaultTaskRepositoryTest.createRepository,com.example.android.architecture.blueprints.todoapp.data.DefaultTaskRepositoryTest.getTasks_repositoryCachesAfterFirstApiCall,1
com.example.android.architecture.blueprints.todoapp.data.DefaultTaskRepositoryTest.createRepository,com.example.android.architecture.blueprints.todoapp.data.DefaultTaskRepositoryTest.getTasks_requestsAllTasksFromRemoteDataSource,1
com.example.android.architecture.blueprints.todoapp.data.DefaultTaskRepositoryTest.createRepository,com.example.android.architecture.blueprints.todoapp.data.DefaultTaskRepositoryTest.saveTask_savesToLocalAndRemote,1
com.example.android.architecture.blueprints.todoapp.data.FakeTaskRepository.setShouldThrowError,com.example.android.architecture.blueprints.todoapp.data.FakeTaskRepository.addTasks,1
com.example.android.architecture.blueprints.todoapp.data.FakeTaskRepository.setShouldThrowError,com.example.android.architecture.blueprints.todoapp.data.FakeTaskRepository.generateTaskId,2
com.example.android.architecture.blueprints.todoapp.data.source.local.TaskDaoTest.initDb,com.example.android.architecture.blueprints.todoapp.data.source.local.TaskDaoTest.deleteCompletedTasksAndGettingTasks,1
com.example.android.architecture.blueprints.todoapp.data.source.local.TaskDaoTest.initDb,com.example.android.architecture.blueprints.todoapp.data.source.local.TaskDaoTest.deleteTaskByIdAndGettingTasks,1
com.example.android.architecture.blueprints.todoapp.data.source.local.TaskDaoTest.initDb,com.example.android.architecture.blueprints.todoapp.data.source.local.TaskDaoTest.deleteTasksAndGettingTasks,1
com.example.android.architecture.blueprints.todoapp.data.source.local.TaskDaoTest.initDb,com.example.android.architecture.blueprints.todoapp.data.source.local.TaskDaoTest.insertTaskAndGetById,1
com.example.android.architecture.blueprints.todoapp.data.source.local.TaskDaoTest.initDb,com.example.android.architecture.blueprints.todoapp.data.source.local.TaskDaoTest.insertTaskAndGetTasks,1
com.example.android.architecture.blueprints.todoapp.data.source.local.TaskDaoTest.initDb,com.example.android.architecture.blueprints.todoapp.data.source.local.TaskDaoTest.insertTaskReplacesOnConflict,1
com.example.android.architecture.blueprints.todoapp.data.source.local.TaskDaoTest.initDb,com.example.android.architecture.blueprints.todoapp.data.source.local.TaskDaoTest.updateCompletedAndGetById,1
com.example.android.architecture.blueprints.todoapp.data.source.local.TaskDaoTest.initDb,com.example.android.architecture.blueprints.todoapp.data.source.local.TaskDaoTest.updateTaskAndGetById,1
com.example.android.architecture.blueprints.todoapp.di.IoDispatcher.providesIODispatcher,com.example.android.architecture.blueprints.todoapp.di.IoDispatcher.providesCoroutineScope,1
com.example.android.architecture.blueprints.todoapp.di.IoDispatcher.providesIODispatcher,com.example.android.architecture.blueprints.todoapp.di.IoDispatcher.providesDefaultDispatcher,1
com.example.android.architecture.blueprints.todoapp.di.RepositoryModule.bindTaskRepository,com.example.android.architecture.blueprints.todoapp.di.RepositoryModule.bindNetworkDataSource,1
com.example.android.architecture.blueprints.todoapp.di.RepositoryModule.bindTaskRepository,com.example.android.architecture.blueprints.todoapp.di.RepositoryModule.provideTaskDao,1
com.example.android.architecture.blueprints.todoapp.statistics.StatisticsScreenKt.StatisticsScreen,com.example.android.architecture.blueprints.todoapp.statistics.StatisticsScreenKt.StatisticsContent,3
com.example.android.architecture.blueprints.todoapp.statistics.StatisticsScreenKt.StatisticsScreen,com.example.android.architecture.blueprints.todoapp.statistics.StatisticsScreenKt.StatisticsContentEmptyPreview,1
com.example.android.architecture.blueprints.todoapp.statistics.StatisticsScreenKt.StatisticsScreen,com.example.android.architecture.blueprints.todoapp.statistics.StatisticsScreenKt.StatisticsContentPreview,1
com.example.android.architecture.blueprints.todoapp.statistics.StatisticsScreenKt.StatisticsScreen,com.example.android.architecture.blueprints.todoapp.util.ComposeUtilsKt.LoadingContent,1
com.example.android.architecture.blueprints.todoapp.statistics.StatisticsScreenKt.StatisticsScreen,com.example.android.architecture.blueprints.todoapp.util.TopAppBarsKt.StatisticsTopAppBar,1
com.example.android.architecture.blueprints.todoapp.statistics.StatisticsScreenTest.setup,com.example.android.architecture.blueprints.todoapp.statistics.StatisticsScreenKt.StatisticsScreen,1
com.example.android.architecture.blueprints.todoapp.statistics.StatisticsScreenTest.setup,com.example.android.architecture.blueprints.todoapp.statistics.StatisticsScreenTest.tasks_showsNonEmptyMessage,1
com.example.android.architecture.blueprints.todoapp.statistics.StatisticsUiState.refresh,com.example.android.architecture.blueprints.todoapp.statistics.StatisticsUiState.produceStatisticsUiState,2
com.example.android.architecture.blueprints.todoapp.statistics.StatisticsUiState.refresh,com.example.android.architecture.blueprints.todoapp.statistics.StatsResult.getActiveAndCompletedStats,1
com.example.android.architecture.blueprints.todoapp.statistics.StatisticsUtilsTest.getActiveAndCompletedStats_noCompleted,com.example.android.architecture.blueprints.todoapp.statistics.StatisticsUtilsTest.getActiveAndCompletedStats_both,1
com.example.android.architecture.blueprints.todoapp.statistics.StatisticsUtilsTest.getActiveAndCompletedStats_noCompleted,com.example.android.architecture.blueprints.todoapp.statistics.StatisticsUtilsTest.getActiveAndCompletedStats_empty,1
com.example.android.architecture.blueprints.todoapp.statistics.StatisticsUtilsTest.getActiveAndCompletedStats_noCompleted,com.example.android.architecture.blueprints.todoapp.statistics.StatisticsUtilsTest.getActiveAndCompletedStats_noActive,1
com.example.android.architecture.blueprints.todoapp.statistics.StatisticsUtilsTest.getActiveAndCompletedStats_noCompleted,com.example.android.architecture.blueprints.todoapp.statistics.StatsResult.getActiveAndCompletedStats,4
com.example.android.architecture.blueprints.todoapp.statistics.StatisticsViewModelTest.setupStatisticsViewModel,com.example.android.architecture.blueprints.todoapp.statistics.StatisticsViewModelTest.loadEmptyTasksFromRepository_EmptyResults,1
com.example.android.architecture.blueprints.todoapp.statistics.StatisticsViewModelTest.setupStatisticsViewModel,com.example.android.architecture.blueprints.todoapp.statistics.StatisticsViewModelTest.loadNonEmptyTasksFromRepository_NonEmptyResults,1
com.example.android.architecture.blueprints.todoapp.taskdetail.TaskDetailScreenKt.TaskDetailScreen,com.example.android.architecture.blueprints.todoapp.taskdetail.TaskDetailScreenKt.EditTaskContent,5
com.example.android.architecture.blueprints.todoapp.taskdetail.TaskDetailScreenKt.TaskDetailScreen,com.example.android.architecture.blueprints.todoapp.taskdetail.TaskDetailScreenKt.EditTaskContentEmptyPreview,1
com.example.android.architecture.blueprints.todoapp.taskdetail.TaskDetailScreenKt.TaskDetailScreen,com.example.android.architecture.blueprints.todoapp.taskdetail.TaskDetailScreenKt.EditTaskContentPreview,1
com.example.android.architecture.blueprints.todoapp.taskdetail.TaskDetailScreenKt.TaskDetailScreen,com.example.android.architecture.blueprints.todoapp.taskdetail.TaskDetailScreenKt.EditTaskContentTaskCompletedPreview,1
com.example.android.architecture.blueprints.todoapp.taskdetail.TaskDetailScreenKt.TaskDetailScreen,com.example.android.architecture.blueprints.todoapp.util.ComposeUtilsKt.LoadingContent,1
com.example.android.architecture.blueprints.todoapp.taskdetail.TaskDetailScreenKt.TaskDetailScreen,com.example.android.architecture.blueprints.todoapp.util.TopAppBarsKt.TaskDetailTopAppBar,1
com.example.android.architecture.blueprints.todoapp.taskdetail.TaskDetailScreenTest.setup,com.example.android.architecture.blueprints.todoapp.taskdetail.TaskDetailScreenKt.TaskDetailScreen,1
com.example.android.architecture.blueprints.todoapp.taskdetail.TaskDetailScreenTest.setup,com.example.android.architecture.blueprints.todoapp.taskdetail.TaskDetailScreenTest.activeTaskDetails_DisplayedInUi,1
com.example.android.architecture.blueprints.todoapp.taskdetail.TaskDetailScreenTest.setup,com.example.android.architecture.blueprints.todoapp.taskdetail.TaskDetailScreenTest.completedTaskDetails_DisplayedInUi,1
com.example.android.architecture.blueprints.todoapp.taskdetail.TaskDetailUiState.deleteTask,com.example.android.architecture.blueprints.todoapp.taskdetail.TaskDetailUiState.handleTask,2
com.example.android.architecture.blueprints.todoapp.taskdetail.TaskDetailUiState.deleteTask,com.example.android.architecture.blueprints.todoapp.taskdetail.TaskDetailUiState.setCompleted,1
com.example.android.architecture.blueprints.todoapp.taskdetail.TaskDetailViewModelTest.setupViewModel,com.example.android.architecture.blueprints.todoapp.taskdetail.TaskDetailViewModelTest.getActiveTaskFromRepositoryAndLoadIntoView,1
com.example.android.architecture.blueprints.todoapp.taskdetail.TaskDetailViewModelTest.setupViewModel,com.example.android.architecture.blueprints.todoapp.taskdetail.TaskDetailViewModelTest.loadTask_loading,1
com.example.android.architecture.blueprints.todoapp.taskdetail.TaskDetailViewModelTest.setupViewModel,com.example.android.architecture.blueprints.todoapp.taskdetail.TaskDetailViewModelTest.taskDetailViewModel_repositoryError,1
com.example.android.architecture.blueprints.todoapp.taskdetail.TaskDetailViewModelTest.setupViewModel,com.example.android.architecture.blueprints.todoapp.taskdetail.TaskDetailViewModelTest.taskDetailViewModel_taskNotFound,1
com.example.android.architecture.blueprints.todoapp.tasks.AppNavigationTest.init,com.example.android.architecture.blueprints.todoapp.TodoNavGraphKt.TodoNavGraph,1
com.example.android.architecture.blueprints.todoapp.tasks.AppNavigationTest.init,com.example.android.architecture.blueprints.todoapp.tasks.AppNavigationTest.drawerNavigationFromTasksToStatistics,1
com.example.android.architecture.blueprints.todoapp.tasks.AppNavigationTest.init,com.example.android.architecture.blueprints.todoapp.tasks.AppNavigationTest.openDrawer,6
com.example.android.architecture.blueprints.todoapp.tasks.AppNavigationTest.init,com.example.android.architecture.blueprints.todoapp.tasks.AppNavigationTest.statsScreen_clickOnAndroidHomeIcon_OpensNavigation,1
com.example.android.architecture.blueprints.todoapp.tasks.AppNavigationTest.init,com.example.android.architecture.blueprints.todoapp.tasks.AppNavigationTest.taskDetailScreen_doubleBackButton,1
com.example.android.architecture.blueprints.todoapp.tasks.AppNavigationTest.init,com.example.android.architecture.blueprints.todoapp.tasks.AppNavigationTest.taskDetailScreen_doubleUIBackButton,1
com.example.android.architecture.blueprints.todoapp.tasks.AppNavigationTest.init,com.example.android.architecture.blueprints.todoapp.tasks.AppNavigationTest.tasksScreen_clickOnAndroidHomeIcon_OpensNavigation,1
com.example.android.architecture.blueprints.todoapp.tasks.TasksScreenKt.TasksScreen,com.example.android.architecture.blueprints.todoapp.tasks.TasksScreenKt.TaskItem,4
com.example.android.architecture.blueprints.todoapp.tasks.TasksScreenKt.TasksScreen,com.example.android.architecture.blueprints.todoapp.tasks.TasksScreenKt.TaskItemCompletedPreview,1
com.example.android.architecture.blueprints.todoapp.tasks.TasksScreenKt.TasksScreen,com.example.android.architecture.blueprints.todoapp.tasks.TasksScreenKt.TaskItemPreview,1
com.example.android.architecture.blueprints.todoapp.tasks.TasksScreenKt.TasksScreen,com.example.android.architecture.blueprints.todoapp.tasks.TasksScreenKt.TasksContent,4
com.example.android.architecture.blueprints.todoapp.tasks.TasksScreenKt.TasksScreen,com.example.android.architecture.blueprints.todoapp.tasks.TasksScreenKt.TasksContentEmptyPreview,1
com.example.android.architecture.blueprints.todoapp.tasks.TasksScreenKt.TasksScreen,com.example.android.architecture.blueprints.todoapp.tasks.TasksScreenKt.TasksContentPreview,1
com.example.android.architecture.blueprints.todoapp.tasks.TasksScreenKt.TasksScreen,com.example.android.architecture.blueprints.todoapp.tasks.TasksScreenKt.TasksEmptyContent,3
com.example.android.architecture.blueprints.todoapp.tasks.TasksScreenKt.TasksScreen,com.example.android.architecture.blueprints.todoapp.tasks.TasksScreenKt.TasksEmptyContentPreview,1
com.example.android.architecture.blueprints.todoapp.tasks.TasksScreenKt.TasksScreen,com.example.android.architecture.blueprints.todoapp.util.ComposeUtilsKt.LoadingContent,1
com.example.android.architecture.blueprints.todoapp.tasks.TasksScreenKt.TasksScreen,com.example.android.architecture.blueprints.todoapp.util.TopAppBarsKt.TasksTopAppBar,1
com.example.android.architecture.blueprints.todoapp.tasks.TasksScreenTest.init,com.example.android.architecture.blueprints.todoapp.tasks.TasksScreenKt.TasksScreen,1
com.example.android.architecture.blueprints.todoapp.tasks.TasksScreenTest.init,com.example.android.architecture.blueprints.todoapp.tasks.TasksScreenTest.displayActiveTask,1
com.example.android.architecture.blueprints.todoapp.tasks.TasksScreenTest.init,com.example.android.architecture.blueprints.todoapp.tasks.TasksScreenTest.displayCompletedTask,1
com.example.android.architecture.blueprints.todoapp.tasks.TasksScreenTest.init,com.example.android.architecture.blueprints.todoapp.tasks.TasksScreenTest.displayTask_whenRepositoryHasData,1
com.example.android.architecture.blueprints.todoapp.tasks.TasksScreenTest.init,com.example.android.architecture.blueprints.todoapp.tasks.TasksScreenTest.markTaskAsActive,1
com.example.android.architecture.blueprints.todoapp.tasks.TasksScreenTest.init,com.example.android.architecture.blueprints.todoapp.tasks.TasksScreenTest.markTaskAsComplete,1
com.example.android.architecture.blueprints.todoapp.tasks.TasksScreenTest.init,com.example.android.architecture.blueprints.todoapp.tasks.TasksScreenTest.noTasks_ActiveTasksFilter_AddTaskViewNotVisible,1
com.example.android.architecture.blueprints.todoapp.tasks.TasksScreenTest.init,com.example.android.architecture.blueprints.todoapp.tasks.TasksScreenTest.noTasks_AllTasksFilter_AddTaskViewVisible,1
com.example.android.architecture.blueprints.todoapp.tasks.TasksScreenTest.init,com.example.android.architecture.blueprints.todoapp.tasks.TasksScreenTest.noTasks_CompletedTasksFilter_AddTaskViewNotVisible,1
com.example.android.architecture.blueprints.todoapp.tasks.TasksScreenTest.init,com.example.android.architecture.blueprints.todoapp.tasks.TasksScreenTest.openFilterAndSelectOption,18
com.example.android.architecture.blueprints.todoapp.tasks.TasksScreenTest.init,com.example.android.architecture.blueprints.todoapp.tasks.TasksScreenTest.showActiveTasks,1
com.example.android.architecture.blueprints.todoapp.tasks.TasksScreenTest.init,com.example.android.architecture.blueprints.todoapp.tasks.TasksScreenTest.showAllTasks,1
com.example.android.architecture.blueprints.todoapp.tasks.TasksScreenTest.init,com.example.android.architecture.blueprints.todoapp.tasks.TasksScreenTest.showCompletedTasks,1
com.example.android.architecture.blueprints.todoapp.tasks.TasksTest.init,com.example.android.architecture.blueprints.todoapp.TodoNavGraphKt.TodoNavGraph,1
com.example.android.architecture.blueprints.todoapp.tasks.TasksTest.init,com.example.android.architecture.blueprints.todoapp.tasks.TasksTest.createOneTask_deleteTask,1
com.example.android.architecture.blueprints.todoapp.tasks.TasksTest.init,com.example.android.architecture.blueprints.todoapp.tasks.TasksTest.createTwoTasks_deleteOneTask,1
com.example.android.architecture.blueprints.todoapp.tasks.TasksTest.init,com.example.android.architecture.blueprints.todoapp.tasks.TasksTest.editTask,1
com.example.android.architecture.blueprints.todoapp.tasks.TasksTest.init,com.example.android.architecture.blueprints.todoapp.tasks.TasksTest.markTaskAsActiveAndCompleteOnDetailScreen_taskIsCompleteInList,1
com.example.android.architecture.blueprints.todoapp.tasks.TasksTest.init,com.example.android.architecture.blueprints.todoapp.tasks.TasksTest.markTaskAsActiveOnDetailScreen_taskIsActiveInList,1
com.example.android.architecture.blueprints.todoapp.tasks.TasksTest.init,com.example.android.architecture.blueprints.todoapp.tasks.TasksTest.markTaskAsCompleteAndActiveOnDetailScreen_taskIsActiveInList,1
com.example.android.architecture.blueprints.todoapp.tasks.TasksTest.init,com.example.android.architecture.blueprints.todoapp.tasks.TasksTest.markTaskAsCompleteOnDetailScreen_taskIsCompleteInList,1
com.example.android.architecture.blueprints.todoapp.tasks.TasksUiState.setFiltering,com.example.android.architecture.blueprints.todoapp.tasks.TasksUiState.filterTasks,2
com.example.android.architecture.blueprints.todoapp.tasks.TasksUiState.setFiltering,com.example.android.architecture.blueprints.todoapp.tasks.TasksUiState.getFilterUiInfo,2
com.example.android.architecture.blueprints.todoapp.tasks.TasksUiState.setFiltering,com.example.android.architecture.blueprints.todoapp.tasks.TasksUiState.showEditResultMessage,1
com.example.android.architecture.blueprints.todoapp.tasks.TasksViewModelTest.setupViewModel,com.example.android.architecture.blueprints.todoapp.tasks.TasksViewModelTest.activateTask_dataAndSnackbarUpdated,1
com.example.android.architecture.blueprints.todoapp.tasks.TasksViewModelTest.setupViewModel,com.example.android.architecture.blueprints.todoapp.tasks.TasksViewModelTest.clearCompletedTasks_clearsTasks,1
com.example.android.architecture.blueprints.todoapp.tasks.TasksViewModelTest.setupViewModel,com.example.android.architecture.blueprints.todoapp.tasks.TasksViewModelTest.completeTask_dataAndSnackbarUpdated,1
com.example.android.architecture.blueprints.todoapp.tasks.TasksViewModelTest.setupViewModel,com.example.android.architecture.blueprints.todoapp.tasks.TasksViewModelTest.loadActiveTasksFromRepositoryAndLoadIntoView,1
com.example.android.architecture.blueprints.todoapp.tasks.TasksViewModelTest.setupViewModel,com.example.android.architecture.blueprints.todoapp.tasks.TasksViewModelTest.loadAllTasksFromRepository_loadingTogglesAndDataLoaded,1
com.example.android.architecture.blueprints.todoapp.tasks.TasksViewModelTest.setupViewModel,com.example.android.architecture.blueprints.todoapp.tasks.TasksViewModelTest.loadCompletedTasksFromRepositoryAndLoadIntoView,1
com.example.android.architecture.blueprints.todoapp.tasks.TasksViewModelTest.setupViewModel,com.example.android.architecture.blueprints.todoapp.tasks.TasksViewModelTest.loadTasks_error,1
com.example.android.architecture.blueprints.todoapp.tasks.TasksViewModelTest.setupViewModel,com.example.android.architecture.blueprints.todoapp.tasks.TasksViewModelTest.showEditResultMessages_addOk_snackbarUpdated,1
com.example.android.architecture.blueprints.todoapp.tasks.TasksViewModelTest.setupViewModel,com.example.android.architecture.blueprints.todoapp.tasks.TasksViewModelTest.showEditResultMessages_deleteOk_snackbarUpdated,1
com.example.android.architecture.blueprints.todoapp.tasks.TasksViewModelTest.setupViewModel,com.example.android.architecture.blueprints.todoapp.tasks.TasksViewModelTest.showEditResultMessages_editOk_snackbarUpdated,1
com.example.android.architecture.blueprints.todoapp.util.SimpleCountingIdlingResource.getName,com.example.android.architecture.blueprints.todoapp.util.SimpleCountingIdlingResource.decrement,1
com.example.android.architecture.blueprints.todoapp.util.SimpleCountingIdlingResource.getName,com.example.android.architecture.blueprints.todoapp.util.SimpleCountingIdlingResource.increment,1
com.example.android.architecture.blueprints.todoapp.util.SimpleCountingIdlingResource.getName,com.example.android.architecture.blueprints.todoapp.util.SimpleCountingIdlingResource.isIdleNow,1
com.example.android.architecture.blueprints.todoapp.util.SimpleCountingIdlingResource.getName,com.example.android.architecture.blueprints.todoapp.util.SimpleCountingIdlingResource.registerIdleTransitionCallback,1
com.example.android.architecture.blueprints.todoapp.util.TodoDrawerKt.AppModalDrawer,com.example.android.architecture.blueprints.todoapp.TodoScreens.navigateToStatistics,1
com.example.android.architecture.blueprints.todoapp.util.TodoDrawerKt.AppModalDrawer,com.example.android.architecture.blueprints.todoapp.TodoScreens.navigateToTasks,1
com.example.android.architecture.blueprints.todoapp.util.TodoDrawerKt.AppModalDrawer,com.example.android.architecture.blueprints.todoapp.util.TodoDrawerKt.AppDrawer,3
com.example.android.architecture.blueprints.todoapp.util.TodoDrawerKt.AppModalDrawer,com.example.android.architecture.blueprints.todoapp.util.TodoDrawerKt.DrawerButton,3
com.example.android.architecture.blueprints.todoapp.util.TodoDrawerKt.AppModalDrawer,com.example.android.architecture.blueprints.todoapp.util.TodoDrawerKt.DrawerHeader,2
com.example.android.architecture.blueprints.todoapp.util.TodoDrawerKt.AppModalDrawer,com.example.android.architecture.blueprints.todoapp.util.TodoDrawerKt.PreviewAppDrawer,1
com.example.android.architecture.blueprints.todoapp.util.TopAppBarsKt.TasksTopAppBar,com.example.android.architecture.blueprints.todoapp.util.TopAppBarsKt.AddEditTaskTopAppBar,2
com.example.android.architecture.blueprints.todoapp.util.TopAppBarsKt.TasksTopAppBar,com.example.android.architecture.blueprints.todoapp.util.TopAppBarsKt.AddEditTaskTopAppBarPreview,1
com.example.android.architecture.blueprints.todoapp.util.TopAppBarsKt.TasksTopAppBar,com.example.android.architecture.blueprints.todoapp.util.TopAppBarsKt.FilterTasksMenu,2
com.example.android.architecture.blueprints.todoapp.util.TopAppBarsKt.TasksTopAppBar,com.example.android.architecture.blueprints.todoapp.util.TopAppBarsKt.MoreTasksMenu,2
com.example.android.architecture.blueprints.todoapp.util.TopAppBarsKt.TasksTopAppBar,com.example.android.architecture.blueprints.todoapp.util.TopAppBarsKt.StatisticsTopAppBar,1
com.example.android.architecture.blueprints.todoapp.util.TopAppBarsKt.TasksTopAppBar,com.example.android.architecture.blueprints.todoapp.util.TopAppBarsKt.StatisticsTopAppBarPreview,1
com.example.android.architecture.blueprints.todoapp.util.TopAppBarsKt.TasksTopAppBar,com.example.android.architecture.blueprints.todoapp.util.TopAppBarsKt.TaskDetailTopAppBar,2
com.example.android.architecture.blueprints.todoapp.util.TopAppBarsKt.TasksTopAppBar,com.example.android.architecture.blueprints.todoapp.util.TopAppBarsKt.TaskDetailTopAppBarPreview,1
com.example.android.architecture.blueprints.todoapp.util.TopAppBarsKt.TasksTopAppBar,com.example.android.architecture.blueprints.todoapp.util.TopAppBarsKt.TasksTopAppBarPreview,1
com.example.android.architecture.blueprints.todoapp.util.TopAppBarsKt.TasksTopAppBar,com.example.android.architecture.blueprints.todoapp.util.TopAppBarsKt.TopAppBarDropdownMenu,3
