id,name,class,package,path,source_set
com.example.android.architecture.blueprints.todoapp.addedittask.AddEditTaskScreenTest.setup,setup,AddEditTaskScreenTest,com.example.android.architecture.blueprints.todoapp.addedittask,app/src/androidTest/java/com/example/android/architecture/blueprints/todoapp/addedittask/AddEditTaskScreenTest.kt,app_android_test
com.example.android.architecture.blueprints.todoapp.addedittask.AddEditTaskScreenTest.emptyTask_isNotSaved,emptyTask_isNotSaved,AddEditTaskScreenTest,com.example.android.architecture.blueprints.todoapp.addedittask,app/src/androidTest/java/com/example/android/architecture/blueprints/todoapp/addedittask/AddEditTaskScreenTest.kt,app_android_test
com.example.android.architecture.blueprints.todoapp.addedittask.AddEditTaskScreenTest.validTask_isSaved,validTask_isSaved,AddEditTaskScreenTest,com.example.android.architecture.blueprints.todoapp.addedittask,app/src/androidTest/java/com/example/android/architecture/blueprints/todoapp/addedittask/AddEditTaskScreenTest.kt,app_android_test
com.example.android.architecture.blueprints.todoapp.addedittask.AddEditTaskScreenTest.findTextField,findTextField,AddEditTaskScreenTest,com.example.android.architecture.blueprints.todoapp.addedittask,app/src/androidTest/java/com/example/android/architecture/blueprints/todoapp/addedittask/AddEditTaskScreenTest.kt,app_android_test
com.example.android.architecture.blueprints.todoapp.data.source.local.TaskDaoTest.initDb,initDb,TaskDaoTest,com.example.android.architecture.blueprints.todoapp.data.source.local,app/src/androidTest/java/com/example/android/architecture/blueprints/todoapp/data/source/local/TaskDaoTest.kt,app_android_test
com.example.android.architecture.blueprints.todoapp.data.source.local.TaskDaoTest.insertTaskAndGetById,insertTaskAndGetById,TaskDaoTest,com.example.android.architecture.blueprints.todoapp.data.source.local,app/src/androidTest/java/com/example/android/architecture/blueprints/todoapp/data/source/local/TaskDaoTest.kt,app_android_test
com.example.android.architecture.blueprints.todoapp.data.source.local.TaskDaoTest.insertTaskReplacesOnConflict,insertTaskReplacesOnConflict,TaskDaoTest,com.example.android.architecture.blueprints.todoapp.data.source.local,app/src/androidTest/java/com/example/android/architecture/blueprints/todoapp/data/source/local/TaskDaoTest.kt,app_android_test
com.example.android.architecture.blueprints.todoapp.data.source.local.TaskDaoTest.insertTaskAndGetTasks,insertTaskAndGetTasks,TaskDaoTest,com.example.android.architecture.blueprints.todoapp.data.source.local,app/src/androidTest/java/com/example/android/architecture/blueprints/todoapp/data/source/local/TaskDaoTest.kt,app_android_test
com.example.android.architecture.blueprints.todoapp.data.source.local.TaskDaoTest.updateTaskAndGetById,updateTaskAndGetById,TaskDaoTest,com.example.android.architecture.blueprints.todoapp.data.source.local,app/src/androidTest/java/com/example/android/architecture/blueprints/todoapp/data/source/local/TaskDaoTest.kt,app_android_test
com.example.android.architecture.blueprints.todoapp.data.source.local.TaskDaoTest.updateCompletedAndGetById,updateCompletedAndGetById,TaskDaoTest,com.example.android.architecture.blueprints.todoapp.data.source.local,app/src/androidTest/java/com/example/android/architecture/blueprints/todoapp/data/source/local/TaskDaoTest.kt,app_android_test
com.example.android.architecture.blueprints.todoapp.data.source.local.TaskDaoTest.deleteTaskByIdAndGettingTasks,deleteTaskByIdAndGettingTasks,TaskDaoTest,com.example.android.architecture.blueprints.todoapp.data.source.local,app/src/androidTest/java/com/example/android/architecture/blueprints/todoapp/data/source/local/TaskDaoTest.kt,app_android_test
com.example.android.architecture.blueprints.todoapp.data.source.local.TaskDaoTest.deleteTasksAndGettingTasks,deleteTasksAndGettingTasks,TaskDaoTest,com.example.android.architecture.blueprints.todoapp.data.source.local,app/src/androidTest/java/com/example/android/architecture/blueprints/todoapp/data/source/local/TaskDaoTest.kt,app_android_test
com.example.android.architecture.blueprints.todoapp.data.source.local.TaskDaoTest.deleteCompletedTasksAndGettingTasks,deleteCompletedTasksAndGettingTasks,TaskDaoTest,com.example.android.architecture.blueprints.todoapp.data.source.local,app/src/androidTest/java/com/example/android/architecture/blueprints/todoapp/data/source/local/TaskDaoTest.kt,app_android_test
com.example.android.architecture.blueprints.todoapp.statistics.StatisticsScreenTest.setup,setup,StatisticsScreenTest,com.example.android.architecture.blueprints.todoapp.statistics,app/src/androidTest/java/com/example/android/architecture/blueprints/todoapp/statistics/StatisticsScreenTest.kt,app_android_test
com.example.android.architecture.blueprints.todoapp.statistics.StatisticsScreenTest.tasks_showsNonEmptyMessage,tasks_showsNonEmptyMessage,StatisticsScreenTest,com.example.android.architecture.blueprints.todoapp.statistics,app/src/androidTest/java/com/example/android/architecture/blueprints/todoapp/statistics/StatisticsScreenTest.kt,app_android_test
com.example.android.architecture.blueprints.todoapp.taskdetail.TaskDetailScreenTest.setup,setup,TaskDetailScreenTest,com.example.android.architecture.blueprints.todoapp.taskdetail,app/src/androidTest/java/com/example/android/architecture/blueprints/todoapp/taskdetail/TaskDetailScreenTest.kt,app_android_test
com.example.android.architecture.blueprints.todoapp.taskdetail.TaskDetailScreenTest.activeTaskDetails_DisplayedInUi,activeTaskDetails_DisplayedInUi,TaskDetailScreenTest,com.example.android.architecture.blueprints.todoapp.taskdetail,app/src/androidTest/java/com/example/android/architecture/blueprints/todoapp/taskdetail/TaskDetailScreenTest.kt,app_android_test
com.example.android.architecture.blueprints.todoapp.taskdetail.TaskDetailScreenTest.completedTaskDetails_DisplayedInUi,completedTaskDetails_DisplayedInUi,TaskDetailScreenTest,com.example.android.architecture.blueprints.todoapp.taskdetail,app/src/androidTest/java/com/example/android/architecture/blueprints/todoapp/taskdetail/TaskDetailScreenTest.kt,app_android_test
com.example.android.architecture.blueprints.todoapp.taskdetail.TaskDetailScreenTest.setContent,setContent,TaskDetailScreenTest,com.example.android.architecture.blueprints.todoapp.taskdetail,app/src/androidTest/java/com/example/android/architecture/blueprints/todoapp/taskdetail/TaskDetailScreenTest.kt,app_android_test
com.example.android.architecture.blueprints.todoapp.tasks.AppNavigationTest.init,init,AppNavigationTest,com.example.android.architecture.blueprints.todoapp.tasks,app/src/androidTest/java/com/example/android/architecture/blueprints/todoapp/tasks/AppNavigationTest.kt,app_android_test
com.example.android.architecture.blueprints.todoapp.tasks.AppNavigationTest.drawerNavigationFromTasksToStatistics,drawerNavigationFromTasksToStatistics,AppNavigationTest,com.example.android.architecture.blueprints.todoapp.tasks,app/src/androidTest/java/com/example/android/architecture/blueprints/todoapp/tasks/AppNavigationTest.kt,app_android_test
com.example.android.architecture.blueprints.todoapp.tasks.AppNavigationTest.tasksScreen_clickOnAndroidHomeIcon_OpensNavigation,tasksScreen_clickOnAndroidHomeIcon_OpensNavigation,AppNavigationTest,com.example.android.architecture.blueprints.todoapp.tasks,app/src/androidTest/java/com/example/android/architecture/blueprints/todoapp/tasks/AppNavigationTest.kt,app_android_test
com.example.android.architecture.blueprints.todoapp.tasks.AppNavigationTest.statsScreen_clickOnAndroidHomeIcon_OpensNavigation,statsScreen_clickOnAndroidHomeIcon_OpensNavigation,AppNavigationTest,com.example.android.architecture.blueprints.todoapp.tasks,app/src/androidTest/java/com/example/android/architecture/blueprints/todoapp/tasks/AppNavigationTest.kt,app_android_test
com.example.android.architecture.blueprints.todoapp.tasks.AppNavigationTest.taskDetailScreen_doubleUIBackButton,taskDetailScreen_doubleUIBackButton,AppNavigationTest,com.example.android.architecture.blueprints.todoapp.tasks,app/src/androidTest/java/com/example/android/architecture/blueprints/todoapp/tasks/AppNavigationTest.kt,app_android_test
com.example.android.architecture.blueprints.todoapp.tasks.AppNavigationTest.taskDetailScreen_doubleBackButton,taskDetailScreen_doubleBackButton,AppNavigationTest,com.example.android.architecture.blueprints.todoapp.tasks,app/src/androidTest/java/com/example/android/architecture/blueprints/todoapp/tasks/AppNavigationTest.kt,app_android_test
com.example.android.architecture.blueprints.todoapp.tasks.AppNavigationTest.setContent,setContent,AppNavigationTest,com.example.android.architecture.blueprints.todoapp.tasks,app/src/androidTest/java/com/example/android/architecture/blueprints/todoapp/tasks/AppNavigationTest.kt,app_android_test
com.example.android.architecture.blueprints.todoapp.tasks.AppNavigationTest.openDrawer,openDrawer,AppNavigationTest,com.example.android.architecture.blueprints.todoapp.tasks,app/src/androidTest/java/com/example/android/architecture/blueprints/todoapp/tasks/AppNavigationTest.kt,app_android_test
com.example.android.architecture.blueprints.todoapp.tasks.TasksScreenTest.init,init,TasksScreenTest,com.example.android.architecture.blueprints.todoapp.tasks,app/src/androidTest/java/com/example/android/architecture/blueprints/todoapp/tasks/TasksScreenTest.kt,app_android_test
com.example.android.architecture.blueprints.todoapp.tasks.TasksScreenTest.displayTask_whenRepositoryHasData,displayTask_whenRepositoryHasData,TasksScreenTest,com.example.android.architecture.blueprints.todoapp.tasks,app/src/androidTest/java/com/example/android/architecture/blueprints/todoapp/tasks/TasksScreenTest.kt,app_android_test
com.example.android.architecture.blueprints.todoapp.tasks.TasksScreenTest.displayActiveTask,displayActiveTask,TasksScreenTest,com.example.android.architecture.blueprints.todoapp.tasks,app/src/androidTest/java/com/example/android/architecture/blueprints/todoapp/tasks/TasksScreenTest.kt,app_android_test
com.example.android.architecture.blueprints.todoapp.tasks.TasksScreenTest.displayCompletedTask,displayCompletedTask,TasksScreenTest,com.example.android.architecture.blueprints.todoapp.tasks,app/src/androidTest/java/com/example/android/architecture/blueprints/todoapp/tasks/TasksScreenTest.kt,app_android_test
com.example.android.architecture.blueprints.todoapp.tasks.TasksScreenTest.markTaskAsComplete,markTaskAsComplete,TasksScreenTest,com.example.android.architecture.blueprints.todoapp.tasks,app/src/androidTest/java/com/example/android/architecture/blueprints/todoapp/tasks/TasksScreenTest.kt,app_android_test
com.example.android.architecture.blueprints.todoapp.tasks.TasksScreenTest.markTaskAsActive,markTaskAsActive,TasksScreenTest,com.example.android.architecture.blueprints.todoapp.tasks,app/src/androidTest/java/com/example/android/architecture/blueprints/todoapp/tasks/TasksScreenTest.kt,app_android_test
com.example.android.architecture.blueprints.todoapp.tasks.TasksScreenTest.showAllTasks,showAllTasks,TasksScreenTest,com.example.android.architecture.blueprints.todoapp.tasks,app/src/androidTest/java/com/example/android/architecture/blueprints/todoapp/tasks/TasksScreenTest.kt,app_android_test
com.example.android.architecture.blueprints.todoapp.tasks.TasksScreenTest.showActiveTasks,showActiveTasks,TasksScreenTest,com.example.android.architecture.blueprints.todoapp.tasks,app/src/androidTest/java/com/example/android/architecture/blueprints/todoapp/tasks/TasksScreenTest.kt,app_android_test
com.example.android.architecture.blueprints.todoapp.tasks.TasksScreenTest.showCompletedTasks,showCompletedTasks,TasksScreenTest,com.example.android.architecture.blueprints.todoapp.tasks,app/src/androidTest/java/com/example/android/architecture/blueprints/todoapp/tasks/TasksScreenTest.kt,app_android_test
com.example.android.architecture.blueprints.todoapp.tasks.TasksScreenTest.clearCompletedTasks,clearCompletedTasks,TasksScreenTest,com.example.android.architecture.blueprints.todoapp.tasks,app/src/androidTest/java/com/example/android/architecture/blueprints/todoapp/tasks/TasksScreenTest.kt,app_android_test
com.example.android.architecture.blueprints.todoapp.tasks.TasksScreenTest.noTasks_AllTasksFilter_AddTaskViewVisible,noTasks_AllTasksFilter_AddTaskViewVisible,TasksScreenTest,com.example.android.architecture.blueprints.todoapp.tasks,app/src/androidTest/java/com/example/android/architecture/blueprints/todoapp/tasks/TasksScreenTest.kt,app_android_test
com.example.android.architecture.blueprints.todoapp.tasks.TasksScreenTest.noTasks_CompletedTasksFilter_AddTaskViewNotVisible,noTasks_CompletedTasksFilter_AddTaskViewNotVisible,TasksScreenTest,com.example.android.architecture.blueprints.todoapp.tasks,app/src/androidTest/java/com/example/android/architecture/blueprints/todoapp/tasks/TasksScreenTest.kt,app_android_test
com.example.android.architecture.blueprints.todoapp.tasks.TasksScreenTest.noTasks_ActiveTasksFilter_AddTaskViewNotVisible,noTasks_ActiveTasksFilter_AddTaskViewNotVisible,TasksScreenTest,com.example.android.architecture.blueprints.todoapp.tasks,app/src/androidTest/java/com/example/android/architecture/blueprints/todoapp/tasks/TasksScreenTest.kt,app_android_test
com.example.android.architecture.blueprints.todoapp.tasks.TasksScreenTest.setContent,setContent,TasksScreenTest,com.example.android.architecture.blueprints.todoapp.tasks,app/src/androidTest/java/com/example/android/architecture/blueprints/todoapp/tasks/TasksScreenTest.kt,app_android_test
com.example.android.architecture.blueprints.todoapp.tasks.TasksScreenTest.openFilterAndSelectOption,openFilterAndSelectOption,TasksScreenTest,com.example.android.architecture.blueprints.todoapp.tasks,app/src/androidTest/java/com/example/android/architecture/blueprints/todoapp/tasks/TasksScreenTest.kt,app_android_test
com.example.android.architecture.blueprints.todoapp.tasks.TasksTest.init,init,TasksTest,com.example.android.architecture.blueprints.todoapp.tasks,app/src/androidTest/java/com/example/android/architecture/blueprints/todoapp/tasks/TasksTest.kt,app_android_test
com.example.android.architecture.blueprints.todoapp.tasks.TasksTest.editTask,editTask,TasksTest,com.example.android.architecture.blueprints.todoapp.tasks,app/src/androidTest/java/com/example/android/architecture/blueprints/todoapp/tasks/TasksTest.kt,app_android_test
com.example.android.architecture.blueprints.todoapp.tasks.TasksTest.createOneTask_deleteTask,createOneTask_deleteTask,TasksTest,com.example.android.architecture.blueprints.todoapp.tasks,app/src/androidTest/java/com/example/android/architecture/blueprints/todoapp/tasks/TasksTest.kt,app_android_test
com.example.android.architecture.blueprints.todoapp.tasks.TasksTest.createTwoTasks_deleteOneTask,createTwoTasks_deleteOneTask,TasksTest,com.example.android.architecture.blueprints.todoapp.tasks,app/src/androidTest/java/com/example/android/architecture/blueprints/todoapp/tasks/TasksTest.kt,app_android_test
com.example.android.architecture.blueprints.todoapp.tasks.TasksTest.markTaskAsCompleteOnDetailScreen_taskIsCompleteInList,markTaskAsCompleteOnDetailScreen_taskIsCompleteInList,TasksTest,com.example.android.architecture.blueprints.todoapp.tasks,app/src/androidTest/java/com/example/android/architecture/blueprints/todoapp/tasks/TasksTest.kt,app_android_test
com.example.android.architecture.blueprints.todoapp.tasks.TasksTest.markTaskAsActiveOnDetailScreen_taskIsActiveInList,markTaskAsActiveOnDetailScreen_taskIsActiveInList,TasksTest,com.example.android.architecture.blueprints.todoapp.tasks,app/src/androidTest/java/com/example/android/architecture/blueprints/todoapp/tasks/TasksTest.kt,app_android_test
com.example.android.architecture.blueprints.todoapp.tasks.TasksTest.markTaskAsCompleteAndActiveOnDetailScreen_taskIsActiveInList,markTaskAsCompleteAndActiveOnDetailScreen_taskIsActiveInList,TasksTest,com.example.android.architecture.blueprints.todoapp.tasks,app/src/androidTest/java/com/example/android/architecture/blueprints/todoapp/tasks/TasksTest.kt,app_android_test
com.example.android.architecture.blueprints.todoapp.tasks.TasksTest.markTaskAsActiveAndCompleteOnDetailScreen_taskIsCompleteInList,markTaskAsActiveAndCompleteOnDetailScreen_taskIsCompleteInList,TasksTest,com.example.android.architecture.blueprints.todoapp.tasks,app/src/androidTest/java/com/example/android/architecture/blueprints/todoapp/tasks/TasksTest.kt,app_android_test
com.example.android.architecture.blueprints.todoapp.tasks.TasksTest.createTask,createTask,TasksTest,com.example.android.architecture.blueprints.todoapp.tasks,app/src/androidTest/java/com/example/android/architecture/blueprints/todoapp/tasks/TasksTest.kt,app_android_test
com.example.android.architecture.blueprints.todoapp.tasks.TasksTest.setContent,setContent,TasksTest,com.example.android.architecture.blueprints.todoapp.tasks,app/src/androidTest/java/com/example/android/architecture/blueprints/todoapp/tasks/TasksTest.kt,app_android_test
com.example.android.architecture.blueprints.todoapp.tasks.TasksTest.findTextField,findTextField,TasksTest,com.example.android.architecture.blueprints.todoapp.tasks,app/src/androidTest/java/com/example/android/architecture/blueprints/todoapp/tasks/TasksTest.kt,app_android_test
com.example.android.architecture.blueprints.todoapp.tasks.TasksTest.findTextField,findTextField,TasksTest,com.example.android.architecture.blueprints.todoapp.tasks,app/src/androidTest/java/com/example/android/architecture/blueprints/todoapp/tasks/TasksTest.kt,app_android_test
com.example.android.architecture.blueprints.todoapp.addedittask.AddEditTaskScreenKt.AddEditTaskScreen,AddEditTaskScreen,AddEditTaskScreenKt,com.example.android.architecture.blueprints.todoapp.addedittask,app/src/main/java/com/example/android/architecture/blueprints/todoapp/addedittask/AddEditTaskScreen.kt,app_main
com.example.android.architecture.blueprints.todoapp.addedittask.AddEditTaskScreenKt.AddEditTaskContent,AddEditTaskContent,AddEditTaskScreenKt,com.example.android.architecture.blueprints.todoapp.addedittask,app/src/main/java/com/example/android/architecture/blueprints/todoapp/addedittask/AddEditTaskScreen.kt,app_main
com.example.android.architecture.blueprints.todoapp.addedittask.AddEditTaskUiState.saveTask,saveTask,AddEditTaskUiState,com.example.android.architecture.blueprints.todoapp.addedittask,app/src/main/java/com/example/android/architecture/blueprints/todoapp/addedittask/AddEditTaskViewModel.kt,app_main
com.example.android.architecture.blueprints.todoapp.addedittask.AddEditTaskUiState.snackbarMessageShown,snackbarMessageShown,AddEditTaskUiState,com.example.android.architecture.blueprints.todoapp.addedittask,app/src/main/java/com/example/android/architecture/blueprints/todoapp/addedittask/AddEditTaskViewModel.kt,app_main
com.example.android.architecture.blueprints.todoapp.addedittask.AddEditTaskUiState.updateTitle,updateTitle,AddEditTaskUiState,com.example.android.architecture.blueprints.todoapp.addedittask,app/src/main/java/com/example/android/architecture/blueprints/todoapp/addedittask/AddEditTaskViewModel.kt,app_main
com.example.android.architecture.blueprints.todoapp.addedittask.AddEditTaskUiState.updateDescription,updateDescription,AddEditTaskUiState,com.example.android.architecture.blueprints.todoapp.addedittask,app/src/main/java/com/example/android/architecture/blueprints/todoapp/addedittask/AddEditTaskViewModel.kt,app_main
com.example.android.architecture.blueprints.todoapp.addedittask.AddEditTaskUiState.createNewTask,createNewTask,AddEditTaskUiState,com.example.android.architecture.blueprints.todoapp.addedittask,app/src/main/java/com/example/android/architecture/blueprints/todoapp/addedittask/AddEditTaskViewModel.kt,app_main
com.example.android.architecture.blueprints.todoapp.addedittask.AddEditTaskUiState.updateTask,updateTask,AddEditTaskUiState,com.example.android.architecture.blueprints.todoapp.addedittask,app/src/main/java/com/example/android/architecture/blueprints/todoapp/addedittask/AddEditTaskViewModel.kt,app_main
com.example.android.architecture.blueprints.todoapp.addedittask.AddEditTaskUiState.loadTask,loadTask,AddEditTaskUiState,com.example.android.architecture.blueprints.todoapp.addedittask,app/src/main/java/com/example/android/architecture/blueprints/todoapp/addedittask/AddEditTaskViewModel.kt,app_main
com.example.android.architecture.blueprints.todoapp.data.DefaultTaskRepository.createTask,createTask,DefaultTaskRepository,com.example.android.architecture.blueprints.todoapp.data,app/src/main/java/com/example/android/architecture/blueprints/todoapp/data/DefaultTaskRepository.kt,app_main
com.example.android.architecture.blueprints.todoapp.data.DefaultTaskRepository.updateTask,updateTask,DefaultTaskRepository,com.example.android.architecture.blueprints.todoapp.data,app/src/main/java/com/example/android/architecture/blueprints/todoapp/data/DefaultTaskRepository.kt,app_main
com.example.android.architecture.blueprints.todoapp.data.DefaultTaskRepository.getTasks,getTasks,DefaultTaskRepository,com.example.android.architecture.blueprints.todoapp.data,app/src/main/java/com/example/android/architecture/blueprints/todoapp/data/DefaultTaskRepository.kt,app_main
com.example.android.architecture.blueprints.todoapp.data.DefaultTaskRepository.getTasksStream,getTasksStream,DefaultTaskRepository,com.example.android.architecture.blueprints.todoapp.data,app/src/main/java/com/example/android/architecture/blueprints/todoapp/data/DefaultTaskRepository.kt,app_main
com.example.android.architecture.blueprints.todoapp.data.DefaultTaskRepository.refreshTask,refreshTask,DefaultTaskRepository,com.example.android.architecture.blueprints.todoapp.data,app/src/main/java/com/example/android/architecture/blueprints/todoapp/data/DefaultTaskRepository.kt,app_main
com.example.android.architecture.blueprints.todoapp.data.DefaultTaskRepository.getTaskStream,getTaskStream,DefaultTaskRepository,com.example.android.architecture.blueprints.todoapp.data,app/src/main/java/com/example/android/architecture/blueprints/todoapp/data/DefaultTaskRepository.kt,app_main
com.example.android.architecture.blueprints.todoapp.data.DefaultTaskRepository.getTask,getTask,DefaultTaskRepository,com.example.android.architecture.blueprints.todoapp.data,app/src/main/java/com/example/android/architecture/blueprints/todoapp/data/DefaultTaskRepository.kt,app_main
com.example.android.architecture.blueprints.todoapp.data.DefaultTaskRepository.completeTask,completeTask,DefaultTaskRepository,com.example.android.architecture.blueprints.todoapp.data,app/src/main/java/com/example/android/architecture/blueprints/todoapp/data/DefaultTaskRepository.kt,app_main
com.example.android.architecture.blueprints.todoapp.data.DefaultTaskRepository.activateTask,activateTask,DefaultTaskRepository,com.example.android.architecture.blueprints.todoapp.data,app/src/main/java/com/example/android/architecture/blueprints/todoapp/data/DefaultTaskRepository.kt,app_main
com.example.android.architecture.blueprints.todoapp.data.DefaultTaskRepository.clearCompletedTasks,clearCompletedTasks,DefaultTaskRepository,com.example.android.architecture.blueprints.todoapp.data,app/src/main/java/com/example/android/architecture/blueprints/todoapp/data/DefaultTaskRepository.kt,app_main
com.example.android.architecture.blueprints.todoapp.data.DefaultTaskRepository.deleteAllTasks,deleteAllTasks,DefaultTaskRepository,com.example.android.architecture.blueprints.todoapp.data,app/src/main/java/com/example/android/architecture/blueprints/todoapp/data/DefaultTaskRepository.kt,app_main
com.example.android.architecture.blueprints.todoapp.data.DefaultTaskRepository.deleteTask,deleteTask,DefaultTaskRepository,com.example.android.architecture.blueprints.todoapp.data,app/src/main/java/com/example/android/architecture/blueprints/todoapp/data/DefaultTaskRepository.kt,app_main
com.example.android.architecture.blueprints.todoapp.data.DefaultTaskRepository.refresh,refresh,DefaultTaskRepository,com.example.android.architecture.blueprints.todoapp.data,app/src/main/java/com/example/android/architecture/blueprints/todoapp/data/DefaultTaskRepository.kt,app_main
com.example.android.architecture.blueprints.todoapp.data.DefaultTaskRepository.saveTasksToNetwork,saveTasksToNetwork,DefaultTaskRepository,com.example.android.architecture.blueprints.todoapp.data,app/src/main/java/com/example/android/architecture/blueprints/todoapp/data/DefaultTaskRepository.kt,app_main
com.example.android.architecture.blueprints.todoapp.data.ModelMappingExtKt.toLocal,toLocal,ModelMappingExtKt,com.example.android.architecture.blueprints.todoapp.data,app/src/main/java/com/example/android/architecture/blueprints/todoapp/data/ModelMappingExt.kt,app_main
com.example.android.architecture.blueprints.todoapp.data.ModelMappingExtKt.toLocal,toLocal,ModelMappingExtKt,com.example.android.architecture.blueprints.todoapp.data,app/src/main/java/com/example/android/architecture/blueprints/todoapp/data/ModelMappingExt.kt,app_main
com.example.android.architecture.blueprints.todoapp.data.ModelMappingExtKt.toExternal,toExternal,ModelMappingExtKt,com.example.android.architecture.blueprints.todoapp.data,app/src/main/java/com/example/android/architecture/blueprints/todoapp/data/ModelMappingExt.kt,app_main
com.example.android.architecture.blueprints.todoapp.data.ModelMappingExtKt.toExternal,toExternal,ModelMappingExtKt,com.example.android.architecture.blueprints.todoapp.data,app/src/main/java/com/example/android/architecture/blueprints/todoapp/data/ModelMappingExt.kt,app_main
com.example.android.architecture.blueprints.todoapp.data.ModelMappingExtKt.toLocal,toLocal,ModelMappingExtKt,com.example.android.architecture.blueprints.todoapp.data,app/src/main/java/com/example/android/architecture/blueprints/todoapp/data/ModelMappingExt.kt,app_main
com.example.android.architecture.blueprints.todoapp.data.ModelMappingExtKt.toLocal,toLocal,ModelMappingExtKt,com.example.android.architecture.blueprints.todoapp.data,app/src/main/java/com/example/android/architecture/blueprints/todoapp/data/ModelMappingExt.kt,app_main
com.example.android.architecture.blueprints.todoapp.data.ModelMappingExtKt.toNetwork,toNetwork,ModelMappingExtKt,com.example.android.architecture.blueprints.todoapp.data,app/src/main/java/com/example/android/architecture/blueprints/todoapp/data/ModelMappingExt.kt,app_main
com.example.android.architecture.blueprints.todoapp.data.ModelMappingExtKt.toNetwork,toNetwork,ModelMappingExtKt,com.example.android.architecture.blueprints.todoapp.data,app/src/main/java/com/example/android/architecture/blueprints/todoapp/data/ModelMappingExt.kt,app_main
com.example.android.architecture.blueprints.todoapp.data.ModelMappingExtKt.toNetwork,toNetwork,ModelMappingExtKt,com.example.android.architecture.blueprints.todoapp.data,app/src/main/java/com/example/android/architecture/blueprints/todoapp/data/ModelMappingExt.kt,app_main
com.example.android.architecture.blueprints.todoapp.data.ModelMappingExtKt.toNetwork,toNetwork,ModelMappingExtKt,com.example.android.architecture.blueprints.todoapp.data,app/src/main/java/com/example/android/architecture/blueprints/todoapp/data/ModelMappingExt.kt,app_main
com.example.android.architecture.blueprints.todoapp.data.ModelMappingExtKt.toExternal,toExternal,ModelMappingExtKt,com.example.android.architecture.blueprints.todoapp.data,app/src/main/java/com/example/android/architecture/blueprints/todoapp/data/ModelMappingExt.kt,app_main
com.example.android.architecture.blueprints.todoapp.data.ModelMappingExtKt.toExternal,toExternal,ModelMappingExtKt,com.example.android.architecture.blueprints.todoapp.data,app/src/main/java/com/example/android/architecture/blueprints/todoapp/data/ModelMappingExt.kt,app_main
com.example.android.architecture.blueprints.todoapp.data.source.local.TaskDao.observeAll,observeAll,TaskDao,com.example.android.architecture.blueprints.todoapp.data.source.local,app/src/main/java/com/example/android/architecture/blueprints/todoapp/data/source/local/TaskDao.kt,app_main
com.example.android.architecture.blueprints.todoapp.data.source.local.TaskDao.observeById,observeById,TaskDao,com.example.android.architecture.blueprints.todoapp.data.source.local,app/src/main/java/com/example/android/architecture/blueprints/todoapp/data/source/local/TaskDao.kt,app_main
com.example.android.architecture.blueprints.todoapp.data.source.local.TaskDao.getAll,getAll,TaskDao,com.example.android.architecture.blueprints.todoapp.data.source.local,app/src/main/java/com/example/android/architecture/blueprints/todoapp/data/source/local/TaskDao.kt,app_main
com.example.android.architecture.blueprints.todoapp.data.source.local.TaskDao.getById,getById,TaskDao,com.example.android.architecture.blueprints.todoapp.data.source.local,app/src/main/java/com/example/android/architecture/blueprints/todoapp/data/source/local/TaskDao.kt,app_main
com.example.android.architecture.blueprints.todoapp.data.source.local.TaskDao.upsert,upsert,TaskDao,com.example.android.architecture.blueprints.todoapp.data.source.local,app/src/main/java/com/example/android/architecture/blueprints/todoapp/data/source/local/TaskDao.kt,app_main
com.example.android.architecture.blueprints.todoapp.data.source.local.TaskDao.upsertAll,upsertAll,TaskDao,com.example.android.architecture.blueprints.todoapp.data.source.local,app/src/main/java/com/example/android/architecture/blueprints/todoapp/data/source/local/TaskDao.kt,app_main
com.example.android.architecture.blueprints.todoapp.data.source.local.TaskDao.updateCompleted,updateCompleted,TaskDao,com.example.android.architecture.blueprints.todoapp.data.source.local,app/src/main/java/com/example/android/architecture/blueprints/todoapp/data/source/local/TaskDao.kt,app_main
com.example.android.architecture.blueprints.todoapp.data.source.local.TaskDao.deleteById,deleteById,TaskDao,com.example.android.architecture.blueprints.todoapp.data.source.local,app/src/main/java/com/example/android/architecture/blueprints/todoapp/data/source/local/TaskDao.kt,app_main
com.example.android.architecture.blueprints.todoapp.data.source.local.TaskDao.deleteAll,deleteAll,TaskDao,com.example.android.architecture.blueprints.todoapp.data.source.local,app/src/main/java/com/example/android/architecture/blueprints/todoapp/data/source/local/TaskDao.kt,app_main
com.example.android.architecture.blueprints.todoapp.data.source.local.TaskDao.deleteCompleted,deleteCompleted,TaskDao,com.example.android.architecture.blueprints.todoapp.data.source.local,app/src/main/java/com/example/android/architecture/blueprints/todoapp/data/source/local/TaskDao.kt,app_main
com.example.android.architecture.blueprints.todoapp.data.source.local.ToDoDatabase.taskDao,taskDao,ToDoDatabase,com.example.android.architecture.blueprints.todoapp.data.source.local,app/src/main/java/com/example/android/architecture/blueprints/todoapp/data/source/local/ToDoDatabase.kt,app_main
com.example.android.architecture.blueprints.todoapp.data.source.network.NetworkDataSource.loadTasks,loadTasks,NetworkDataSource,com.example.android.architecture.blueprints.todoapp.data.source.network,app/src/main/java/com/example/android/architecture/blueprints/todoapp/data/source/network/NetworkDataSource.kt,app_main
com.example.android.architecture.blueprints.todoapp.data.source.network.NetworkDataSource.saveTasks,saveTasks,NetworkDataSource,com.example.android.architecture.blueprints.todoapp.data.source.network,app/src/main/java/com/example/android/architecture/blueprints/todoapp/data/source/network/NetworkDataSource.kt,app_main
com.example.android.architecture.blueprints.todoapp.data.source.network.TaskNetworkDataSource.loadTasks,loadTasks,TaskNetworkDataSource,com.example.android.architecture.blueprints.todoapp.data.source.network,app/src/main/java/com/example/android/architecture/blueprints/todoapp/data/source/network/TaskNetworkDataSource.kt,app_main
com.example.android.architecture.blueprints.todoapp.data.source.network.TaskNetworkDataSource.saveTasks,saveTasks,TaskNetworkDataSource,com.example.android.architecture.blueprints.todoapp.data.source.network,app/src/main/java/com/example/android/architecture/blueprints/todoapp/data/source/network/TaskNetworkDataSource.kt,app_main
com.example.android.architecture.blueprints.todoapp.data.TaskRepository.getTasksStream,getTasksStream,TaskRepository,com.example.android.architecture.blueprints.todoapp.data,app/src/main/java/com/example/android/architecture/blueprints/todoapp/data/TaskRepository.kt,app_main
com.example.android.architecture.blueprints.todoapp.data.TaskRepository.getTasks,getTasks,TaskRepository,com.example.android.architecture.blueprints.todoapp.data,app/src/main/java/com/example/android/architecture/blueprints/todoapp/data/TaskRepository.kt,app_main
com.example.android.architecture.blueprints.todoapp.data.TaskRepository.refresh,refresh,TaskRepository,com.example.android.architecture.blueprints.todoapp.data,app/src/main/java/com/example/android/architecture/blueprints/todoapp/data/TaskRepository.kt,app_main
com.example.android.architecture.blueprints.todoapp.data.TaskRepository.getTaskStream,getTaskStream,TaskRepository,com.example.android.architecture.blueprints.todoapp.data,app/src/main/java/com/example/android/architecture/blueprints/todoapp/data/TaskRepository.kt,app_main
com.example.android.architecture.blueprints.todoapp.data.TaskRepository.getTask,getTask,TaskRepository,com.example.android.architecture.blueprints.todoapp.data,app/src/main/java/com/example/android/architecture/blueprints/todoapp/data/TaskRepository.kt,app_main
com.example.android.architecture.blueprints.todoapp.data.TaskRepository.refreshTask,refreshTask,TaskRepository,com.example.android.architecture.blueprints.todoapp.data,app/src/main/java/com/example/android/architecture/blueprints/todoapp/data/TaskRepository.kt,app_main
com.example.android.architecture.blueprints.todoapp.data.TaskRepository.createTask,createTask,TaskRepository,com.example.android.architecture.blueprints.todoapp.data,app/src/main/java/com/example/android/architecture/blueprints/todoapp/data/TaskRepository.kt,app_main
com.example.android.architecture.blueprints.todoapp.data.TaskRepository.updateTask,updateTask,TaskRepository,com.example.android.architecture.blueprints.todoapp.data,app/src/main/java/com/example/android/architecture/blueprints/todoapp/data/TaskRepository.kt,app_main
com.example.android.architecture.blueprints.todoapp.data.TaskRepository.completeTask,completeTask,TaskRepository,com.example.android.architecture.blueprints.todoapp.data,app/src/main/java/com/example/android/architecture/blueprints/todoapp/data/TaskRepository.kt,app_main
com.example.android.architecture.blueprints.todoapp.data.TaskRepository.activateTask,activateTask,TaskRepository,com.example.android.architecture.blueprints.todoapp.data,app/src/main/java/com/example/android/architecture/blueprints/todoapp/data/TaskRepository.kt,app_main
com.example.android.architecture.blueprints.todoapp.data.TaskRepository.clearCompletedTasks,clearCompletedTasks,TaskRepository,com.example.android.architecture.blueprints.todoapp.data,app/src/main/java/com/example/android/architecture/blueprints/todoapp/data/TaskRepository.kt,app_main
com.example.android.architecture.blueprints.todoapp.data.TaskRepository.deleteAllTasks,deleteAllTasks,TaskRepository,com.example.android.architecture.blueprints.todoapp.data,app/src/main/java/com/example/android/architecture/blueprints/todoapp/data/TaskRepository.kt,app_main
com.example.android.architecture.blueprints.todoapp.data.TaskRepository.deleteTask,deleteTask,TaskRepository,com.example.android.architecture.blueprints.todoapp.data,app/src/main/java/com/example/android/architecture/blueprints/todoapp/data/TaskRepository.kt,app_main
com.example.android.architecture.blueprints.todoapp.di.IoDispatcher.providesIODispatcher,providesIODispatcher,IoDispatcher,com.example.android.architecture.blueprints.todoapp.di,app/src/main/java/com/example/android/architecture/blueprints/todoapp/di/CoroutinesModule.kt,app_main
com.example.android.architecture.blueprints.todoapp.di.IoDispatcher.providesDefaultDispatcher,providesDefaultDispatcher,IoDispatcher,com.example.android.architecture.blueprints.todoapp.di,app/src/main/java/com/example/android/architecture/blueprints/todoapp/di/CoroutinesModule.kt,app_main
com.example.android.architecture.blueprints.todoapp.di.IoDispatcher.providesCoroutineScope,providesCoroutineScope,IoDispatcher,com.example.android.architecture.blueprints.todoapp.di,app/src/main/java/com/example/android/architecture/blueprints/todoapp/di/CoroutinesModule.kt,app_main
com.example.android.architecture.blueprints.todoapp.di.RepositoryModule.bindTaskRepository,bindTaskRepository,RepositoryModule,com.example.android.architecture.blueprints.todoapp.di,app/src/main/java/com/example/android/architecture/blueprints/todoapp/di/DataModules.kt,app_main
com.example.android.architecture.blueprints.todoapp.di.RepositoryModule.bindNetworkDataSource,bindNetworkDataSource,RepositoryModule,com.example.android.architecture.blueprints.todoapp.di,app/src/main/java/com/example/android/architecture/blueprints/todoapp/di/DataModules.kt,app_main
com.example.android.architecture.blueprints.todoapp.di.RepositoryModule.provideDataBase,provideDataBase,RepositoryModule,com.example.android.architecture.blueprints.todoapp.di,app/src/main/java/com/example/android/architecture/blueprints/todoapp/di/DataModules.kt,app_main
com.example.android.architecture.blueprints.todoapp.di.RepositoryModule.provideTaskDao,provideTaskDao,RepositoryModule,com.example.android.architecture.blueprints.todoapp.di,app/src/main/java/com/example/android/architecture/blueprints/todoapp/di/DataModules.kt,app_main
com.example.android.architecture.blueprints.todoapp.statistics.StatisticsScreenKt.StatisticsScreen,StatisticsScreen,StatisticsScreenKt,com.example.android.architecture.blueprints.todoapp.statistics,app/src/main/java/com/example/android/architecture/blueprints/todoapp/statistics/StatisticsScreen.kt,app_main
com.example.android.architecture.blueprints.todoapp.statistics.StatisticsScreenKt.StatisticsContent,StatisticsContent,StatisticsScreenKt,com.example.android.architecture.blueprints.todoapp.statistics,app/src/main/java/com/example/android/architecture/blueprints/todoapp/statistics/StatisticsScreen.kt,app_main
com.example.android.architecture.blueprints.todoapp.statistics.StatisticsScreenKt.StatisticsContentPreview,StatisticsContentPreview,StatisticsScreenKt,com.example.android.architecture.blueprints.todoapp.statistics,app/src/main/java/com/example/android/architecture/blueprints/todoapp/statistics/StatisticsScreen.kt,app_main
com.example.android.architecture.blueprints.todoapp.statistics.StatisticsScreenKt.StatisticsContentEmptyPreview,StatisticsContentEmptyPreview,StatisticsScreenKt,com.example.android.architecture.blueprints.todoapp.statistics,app/src/main/java/com/example/android/architecture/blueprints/todoapp/statistics/StatisticsScreen.kt,app_main
com.example.android.architecture.blueprints.todoapp.statistics.StatsResult.getActiveAndCompletedStats,getActiveAndCompletedStats,StatsResult,com.example.android.architecture.blueprints.todoapp.statistics,app/src/main/java/com/example/android/architecture/blueprints/todoapp/statistics/StatisticsUtils.kt,app_main
com.example.android.architecture.blueprints.todoapp.statistics.StatisticsUiState.refresh,refresh,StatisticsUiState,com.example.android.architecture.blueprints.todoapp.statistics,app/src/main/java/com/example/android/architecture/blueprints/todoapp/statistics/StatisticsViewModel.kt,app_main
com.example.android.architecture.blueprints.todoapp.statistics.StatisticsUiState.produceStatisticsUiState,produceStatisticsUiState,StatisticsUiState,com.example.android.architecture.blueprints.todoapp.statistics,app/src/main/java/com/example/android/architecture/blueprints/todoapp/statistics/StatisticsViewModel.kt,app_main
com.example.android.architecture.blueprints.todoapp.taskdetail.TaskDetailScreenKt.TaskDetailScreen,TaskDetailScreen,TaskDetailScreenKt,com.example.android.architecture.blueprints.todoapp.taskdetail,app/src/main/java/com/example/android/architecture/blueprints/todoapp/taskdetail/TaskDetailScreen.kt,app_main
com.example.android.architecture.blueprints.todoapp.taskdetail.TaskDetailScreenKt.EditTaskContent,EditTaskContent,TaskDetailScreenKt,com.example.android.architecture.blueprints.todoapp.taskdetail,app/src/main/java/com/example/android/architecture/blueprints/todoapp/taskdetail/TaskDetailScreen.kt,app_main
com.example.android.architecture.blueprints.todoapp.taskdetail.TaskDetailScreenKt.EditTaskContentPreview,EditTaskContentPreview,TaskDetailScreenKt,com.example.android.architecture.blueprints.todoapp.taskdetail,app/src/main/java/com/example/android/architecture/blueprints/todoapp/taskdetail/TaskDetailScreen.kt,app_main
com.example.android.architecture.blueprints.todoapp.taskdetail.TaskDetailScreenKt.EditTaskContentTaskCompletedPreview,EditTaskContentTaskCompletedPreview,TaskDetailScreenKt,com.example.android.architecture.blueprints.todoapp.taskdetail,app/src/main/java/com/example/android/architecture/blueprints/todoapp/taskdetail/TaskDetailScreen.kt,app_main
com.example.android.architecture.blueprints.todoapp.taskdetail.TaskDetailScreenKt.EditTaskContentEmptyPreview,EditTaskContentEmptyPreview,TaskDetailScreenKt,com.example.android.architecture.blueprints.todoapp.taskdetail,app/src/main/java/com/example/android/architecture/blueprints/todoapp/taskdetail/TaskDetailScreen.kt,app_main
com.example.android.architecture.blueprints.todoapp.taskdetail.TaskDetailUiState.deleteTask,deleteTask,TaskDetailUiState,com.example.android.architecture.blueprints.todoapp.taskdetail,app/src/main/java/com/example/android/architecture/blueprints/todoapp/taskdetail/TaskDetailViewModel.kt,app_main
com.example.android.architecture.blueprints.todoapp.taskdetail.TaskDetailUiState.setCompleted,setCompleted,TaskDetailUiState,com.example.android.architecture.blueprints.todoapp.taskdetail,app/src/main/java/com/example/android/architecture/blueprints/todoapp/taskdetail/TaskDetailViewModel.kt,app_main
com.example.android.architecture.blueprints.todoapp.taskdetail.TaskDetailUiState.refresh,refresh,TaskDetailUiState,com.example.android.architecture.blueprints.todoapp.taskdetail,app/src/main/java/com/example/android/architecture/blueprints/todoapp/taskdetail/TaskDetailViewModel.kt,app_main
com.example.android.architecture.blueprints.todoapp.taskdetail.TaskDetailUiState.snackbarMessageShown,snackbarMessageShown,TaskDetailUiState,com.example.android.architecture.blueprints.todoapp.taskdetail,app/src/main/java/com/example/android/architecture/blueprints/todoapp/taskdetail/TaskDetailViewModel.kt,app_main
com.example.android.architecture.blueprints.todoapp.taskdetail.TaskDetailUiState.showSnackbarMessage,showSnackbarMessage,TaskDetailUiState,com.example.android.architecture.blueprints.todoapp.taskdetail,app/src/main/java/com/example/android/architecture/blueprints/todoapp/taskdetail/TaskDetailViewModel.kt,app_main
com.example.android.architecture.blueprints.todoapp.taskdetail.TaskDetailUiState.handleTask,handleTask,TaskDetailUiState,com.example.android.architecture.blueprints.todoapp.taskdetail,app/src/main/java/com/example/android/architecture/blueprints/todoapp/taskdetail/TaskDetailViewModel.kt,app_main
com.example.android.architecture.blueprints.todoapp.tasks.TasksScreenKt.TasksScreen,TasksScreen,TasksScreenKt,com.example.android.architecture.blueprints.todoapp.tasks,app/src/main/java/com/example/android/architecture/blueprints/todoapp/tasks/TasksScreen.kt,app_main
com.example.android.architecture.blueprints.todoapp.tasks.TasksScreenKt.TasksContent,TasksContent,TasksScreenKt,com.example.android.architecture.blueprints.todoapp.tasks,app/src/main/java/com/example/android/architecture/blueprints/todoapp/tasks/TasksScreen.kt,app_main
com.example.android.architecture.blueprints.todoapp.tasks.TasksScreenKt.TaskItem,TaskItem,TasksScreenKt,com.example.android.architecture.blueprints.todoapp.tasks,app/src/main/java/com/example/android/architecture/blueprints/todoapp/tasks/TasksScreen.kt,app_main
com.example.android.architecture.blueprints.todoapp.tasks.TasksScreenKt.TasksEmptyContent,TasksEmptyContent,TasksScreenKt,com.example.android.architecture.blueprints.todoapp.tasks,app/src/main/java/com/example/android/architecture/blueprints/todoapp/tasks/TasksScreen.kt,app_main
com.example.android.architecture.blueprints.todoapp.tasks.TasksScreenKt.TasksContentPreview,TasksContentPreview,TasksScreenKt,com.example.android.architecture.blueprints.todoapp.tasks,app/src/main/java/com/example/android/architecture/blueprints/todoapp/tasks/TasksScreen.kt,app_main
com.example.android.architecture.blueprints.todoapp.tasks.TasksScreenKt.TasksContentEmptyPreview,TasksContentEmptyPreview,TasksScreenKt,com.example.android.architecture.blueprints.todoapp.tasks,app/src/main/java/com/example/android/architecture/blueprints/todoapp/tasks/TasksScreen.kt,app_main
com.example.android.architecture.blueprints.todoapp.tasks.TasksScreenKt.TasksEmptyContentPreview,TasksEmptyContentPreview,TasksScreenKt,com.example.android.architecture.blueprints.todoapp.tasks,app/src/main/java/com/example/android/architecture/blueprints/todoapp/tasks/TasksScreen.kt,app_main
com.example.android.architecture.blueprints.todoapp.tasks.TasksScreenKt.TaskItemPreview,TaskItemPreview,TasksScreenKt,com.example.android.architecture.blueprints.todoapp.tasks,app/src/main/java/com/example/android/architecture/blueprints/todoapp/tasks/TasksScreen.kt,app_main
com.example.android.architecture.blueprints.todoapp.tasks.TasksScreenKt.TaskItemCompletedPreview,TaskItemCompletedPreview,TasksScreenKt,com.example.android.architecture.blueprints.todoapp.tasks,app/src/main/java/com/example/android/architecture/blueprints/todoapp/tasks/TasksScreen.kt,app_main
com.example.android.architecture.blueprints.todoapp.tasks.TasksUiState.setFiltering,setFiltering,TasksUiState,com.example.android.architecture.blueprints.todoapp.tasks,app/src/main/java/com/example/android/architecture/blueprints/todoapp/tasks/TasksViewModel.kt,app_main
com.example.android.architecture.blueprints.todoapp.tasks.TasksUiState.clearCompletedTasks,clearCompletedTasks,TasksUiState,com.example.android.architecture.blueprints.todoapp.tasks,app/src/main/java/com/example/android/architecture/blueprints/todoapp/tasks/TasksViewModel.kt,app_main
com.example.android.architecture.blueprints.todoapp.tasks.TasksUiState.completeTask,completeTask,TasksUiState,com.example.android.architecture.blueprints.todoapp.tasks,app/src/main/java/com/example/android/architecture/blueprints/todoapp/tasks/TasksViewModel.kt,app_main
com.example.android.architecture.blueprints.todoapp.tasks.TasksUiState.showEditResultMessage,showEditResultMessage,TasksUiState,com.example.android.architecture.blueprints.todoapp.tasks,app/src/main/java/com/example/android/architecture/blueprints/todoapp/tasks/TasksViewModel.kt,app_main
com.example.android.architecture.blueprints.todoapp.tasks.TasksUiState.snackbarMessageShown,snackbarMessageShown,TasksUiState,com.example.android.architecture.blueprints.todoapp.tasks,app/src/main/java/com/example/android/architecture/blueprints/todoapp/tasks/TasksViewModel.kt,app_main
com.example.android.architecture.blueprints.todoapp.tasks.TasksUiState.showSnackbarMessage,showSnackbarMessage,TasksUiState,com.example.android.architecture.blueprints.todoapp.tasks,app/src/main/java/com/example/android/architecture/blueprints/todoapp/tasks/TasksViewModel.kt,app_main
com.example.android.architecture.blueprints.todoapp.tasks.TasksUiState.refresh,refresh,TasksUiState,com.example.android.architecture.blueprints.todoapp.tasks,app/src/main/java/com/example/android/architecture/blueprints/todoapp/tasks/TasksViewModel.kt,app_main
com.example.android.architecture.blueprints.todoapp.tasks.TasksUiState.filterTasks,filterTasks,TasksUiState,com.example.android.architecture.blueprints.todoapp.tasks,app/src/main/java/com/example/android/architecture/blueprints/todoapp/tasks/TasksViewModel.kt,app_main
com.example.android.architecture.blueprints.todoapp.tasks.TasksUiState.getFilterUiInfo,getFilterUiInfo,TasksUiState,com.example.android.architecture.blueprints.todoapp.tasks,app/src/main/java/com/example/android/architecture/blueprints/todoapp/tasks/TasksViewModel.kt,app_main
com.example.android.architecture.blueprints.todoapp.TodoActivity.onCreate,onCreate,TodoActivity,com.example.android.architecture.blueprints.todoapp,app/src/main/java/com/example/android/architecture/blueprints/todoapp/TodoActivity.kt,app_main
com.example.android.architecture.blueprints.todoapp.TodoApplication.onCreate,onCreate,TodoApplication,com.example.android.architecture.blueprints.todoapp,app/src/main/java/com/example/android/architecture/blueprints/todoapp/TodoApplication.kt,app_main
com.example.android.architecture.blueprints.todoapp.TodoListManager.addTask,addTask,TodoListManager,com.example.android.architecture.blueprints.todoapp,app/src/main/java/com/example/android/architecture/blueprints/todoapp/TodoListManager.kt,app_main
com.example.android.architecture.blueprints.todoapp.TodoListManager.removeTask,removeTask,TodoListManager,com.example.android.architecture.blueprints.todoapp,app/src/main/java/com/example/android/architecture/blueprints/todoapp/TodoListManager.kt,app_main
com.example.android.architecture.blueprints.todoapp.TodoListManager.updateTask,updateTask,TodoListManager,com.example.android.architecture.blueprints.todoapp,app/src/main/java/com/example/android/architecture/blueprints/todoapp/TodoListManager.kt,app_main
com.example.android.architecture.blueprints.todoapp.TodoListManager.clearTasks,clearTasks,TodoListManager,com.example.android.architecture.blueprints.todoapp,app/src/main/java/com/example/android/architecture/blueprints/todoapp/TodoListManager.kt,app_main
com.example.android.architecture.blueprints.todoapp.TodoListManager.getTasks,getTasks,TodoListManager,com.example.android.architecture.blueprints.todoapp,app/src/main/java/com/example/android/architecture/blueprints/todoapp/TodoListManager.kt,app_main
com.example.android.architecture.blueprints.todoapp.TodoListManager.getTaskCount,getTaskCount,TodoListManager,com.example.android.architecture.blueprints.todoapp,app/src/main/java/com/example/android/architecture/blueprints/todoapp/TodoListManager.kt,app_main
com.example.android.architecture.blueprints.todoapp.TodoListManager.containsTask,containsTask,TodoListManager,com.example.android.architecture.blueprints.todoapp,app/src/main/java/com/example/android/architecture/blueprints/todoapp/TodoListManager.kt,app_main
com.example.android.architecture.blueprints.todoapp.TodoNavGraphKt.TodoNavGraph,TodoNavGraph,TodoNavGraphKt,com.example.android.architecture.blueprints.todoapp,app/src/main/java/com/example/android/architecture/blueprints/todoapp/TodoNavGraph.kt,app_main
com.example.android.architecture.blueprints.todoapp.TodoScreens.navigateToTasks,navigateToTasks,TodoScreens,com.example.android.architecture.blueprints.todoapp,app/src/main/java/com/example/android/architecture/blueprints/todoapp/TodoNavigation.kt,app_main
com.example.android.architecture.blueprints.todoapp.TodoScreens.navigateToStatistics,navigateToStatistics,TodoScreens,com.example.android.architecture.blueprints.todoapp,app/src/main/java/com/example/android/architecture/blueprints/todoapp/TodoNavigation.kt,app_main
com.example.android.architecture.blueprints.todoapp.TodoScreens.navigateToTaskDetail,navigateToTaskDetail,TodoScreens,com.example.android.architecture.blueprints.todoapp,app/src/main/java/com/example/android/architecture/blueprints/todoapp/TodoNavigation.kt,app_main
com.example.android.architecture.blueprints.todoapp.TodoScreens.navigateToAddEditTask,navigateToAddEditTask,TodoScreens,com.example.android.architecture.blueprints.todoapp,app/src/main/java/com/example/android/architecture/blueprints/todoapp/TodoNavigation.kt,app_main
com.example.android.architecture.blueprints.todoapp.TodoRepository.getAllTasks,getAllTasks,TodoRepository,com.example.android.architecture.blueprints.todoapp,app/src/main/java/com/example/android/architecture/blueprints/todoapp/TodoRepository.kt,app_main
com.example.android.architecture.blueprints.todoapp.TodoRepository.addTask,addTask,TodoRepository,com.example.android.architecture.blueprints.todoapp,app/src/main/java/com/example/android/architecture/blueprints/todoapp/TodoRepository.kt,app_main
com.example.android.architecture.blueprints.todoapp.TodoRepository.deleteTask,deleteTask,TodoRepository,com.example.android.architecture.blueprints.todoapp,app/src/main/java/com/example/android/architecture/blueprints/todoapp/TodoRepository.kt,app_main
com.example.android.architecture.blueprints.todoapp.TodoService.loadTasks,loadTasks,TodoService,com.example.android.architecture.blueprints.todoapp,app/src/main/java/com/example/android/architecture/blueprints/todoapp/TodoService.kt,app_main
com.example.android.architecture.blueprints.todoapp.TodoService.addNewTask,addNewTask,TodoService,com.example.android.architecture.blueprints.todoapp,app/src/main/java/com/example/android/architecture/blueprints/todoapp/TodoService.kt,app_main
com.example.android.architecture.blueprints.todoapp.TodoService.deleteExistingTask,deleteExistingTask,TodoService,com.example.android.architecture.blueprints.todoapp,app/src/main/java/com/example/android/architecture/blueprints/todoapp/TodoService.kt,app_main
com.example.android.architecture.blueprints.todoapp.TodoThemeKt.TodoTheme,TodoTheme,TodoThemeKt,com.example.android.architecture.blueprints.todoapp,app/src/main/java/com/example/android/architecture/blueprints/todoapp/TodoTheme.kt,app_main
com.example.android.architecture.blueprints.todoapp.util.ComposeUtilsKt.LoadingContent,LoadingContent,ComposeUtilsKt,com.example.android.architecture.blueprints.todoapp.util,app/src/main/java/com/example/android/architecture/blueprints/todoapp/util/ComposeUtils.kt,app_main
com.example.android.architecture.blueprints.todoapp.util.SimpleCountingIdlingResource.getName,getName,SimpleCountingIdlingResource,com.example.android.architecture.blueprints.todoapp.util,app/src/main/java/com/example/android/architecture/blueprints/todoapp/util/SimpleCountingIdlingResource.kt,app_main
com.example.android.architecture.blueprints.todoapp.util.SimpleCountingIdlingResource.isIdleNow,isIdleNow,SimpleCountingIdlingResource,com.example.android.architecture.blueprints.todoapp.util,app/src/main/java/com/example/android/architecture/blueprints/todoapp/util/SimpleCountingIdlingResource.kt,app_main
com.example.android.architecture.blueprints.todoapp.util.SimpleCountingIdlingResource.registerIdleTransitionCallback,registerIdleTransitionCallback,SimpleCountingIdlingResource,com.example.android.architecture.blueprints.todoapp.util,app/src/main/java/com/example/android/architecture/blueprints/todoapp/util/SimpleCountingIdlingResource.kt,app_main
com.example.android.architecture.blueprints.todoapp.util.SimpleCountingIdlingResource.increment,increment,SimpleCountingIdlingResource,com.example.android.architecture.blueprints.todoapp.util,app/src/main/java/com/example/android/architecture/blueprints/todoapp/util/SimpleCountingIdlingResource.kt,app_main
com.example.android.architecture.blueprints.todoapp.util.SimpleCountingIdlingResource.decrement,decrement,SimpleCountingIdlingResource,com.example.android.architecture.blueprints.todoapp.util,app/src/main/java/com/example/android/architecture/blueprints/todoapp/util/SimpleCountingIdlingResource.kt,app_main
com.example.android.architecture.blueprints.todoapp.util.TodoDrawerKt.AppModalDrawer,AppModalDrawer,TodoDrawerKt,com.example.android.architecture.blueprints.todoapp.util,app/src/main/java/com/example/android/architecture/blueprints/todoapp/util/TodoDrawer.kt,app_main
com.example.android.architecture.blueprints.todoapp.util.TodoDrawerKt.AppDrawer,AppDrawer,TodoDrawerKt,com.example.android.architecture.blueprints.todoapp.util,app/src/main/java/com/example/android/architecture/blueprints/todoapp/util/TodoDrawer.kt,app_main
com.example.android.architecture.blueprints.todoapp.util.TodoDrawerKt.DrawerHeader,DrawerHeader,TodoDrawerKt,com.example.android.architecture.blueprints.todoapp.util,app/src/main/java/com/example/android/architecture/blueprints/todoapp/util/TodoDrawer.kt,app_main
com.example.android.architecture.blueprints.todoapp.util.TodoDrawerKt.DrawerButton,DrawerButton,TodoDrawerKt,com.example.android.architecture.blueprints.todoapp.util,app/src/main/java/com/example/android/architecture/blueprints/todoapp/util/TodoDrawer.kt,app_main
com.example.android.architecture.blueprints.todoapp.util.TodoDrawerKt.PreviewAppDrawer,PreviewAppDrawer,TodoDrawerKt,com.example.android.architecture.blueprints.todoapp.util,app/src/main/java/com/example/android/architecture/blueprints/todoapp/util/TodoDrawer.kt,app_main
com.example.android.architecture.blueprints.todoapp.util.TopAppBarsKt.TasksTopAppBar,TasksTopAppBar,TopAppBarsKt,com.example.android.architecture.blueprints.todoapp.util,app/src/main/java/com/example/android/architecture/blueprints/todoapp/util/TopAppBars.kt,app_main
com.example.android.architecture.blueprints.todoapp.util.TopAppBarsKt.FilterTasksMenu,FilterTasksMenu,TopAppBarsKt,com.example.android.architecture.blueprints.todoapp.util,app/src/main/java/com/example/android/architecture/blueprints/todoapp/util/TopAppBars.kt,app_main
com.example.android.architecture.blueprints.todoapp.util.TopAppBarsKt.MoreTasksMenu,MoreTasksMenu,TopAppBarsKt,com.example.android.architecture.blueprints.todoapp.util,app/src/main/java/com/example/android/architecture/blueprints/todoapp/util/TopAppBars.kt,app_main
com.example.android.architecture.blueprints.todoapp.util.TopAppBarsKt.TopAppBarDropdownMenu,TopAppBarDropdownMenu,TopAppBarsKt,com.example.android.architecture.blueprints.todoapp.util,app/src/main/java/com/example/android/architecture/blueprints/todoapp/util/TopAppBars.kt,app_main
com.example.android.architecture.blueprints.todoapp.util.TopAppBarsKt.StatisticsTopAppBar,StatisticsTopAppBar,TopAppBarsKt,com.example.android.architecture.blueprints.todoapp.util,app/src/main/java/com/example/android/architecture/blueprints/todoapp/util/TopAppBars.kt,app_main
com.example.android.architecture.blueprints.todoapp.util.TopAppBarsKt.TaskDetailTopAppBar,TaskDetailTopAppBar,TopAppBarsKt,com.example.android.architecture.blueprints.todoapp.util,app/src/main/java/com/example/android/architecture/blueprints/todoapp/util/TopAppBars.kt,app_main
com.example.android.architecture.blueprints.todoapp.util.TopAppBarsKt.AddEditTaskTopAppBar,AddEditTaskTopAppBar,TopAppBarsKt,com.example.android.architecture.blueprints.todoapp.util,app/src/main/java/com/example/android/architecture/blueprints/todoapp/util/TopAppBars.kt,app_main
com.example.android.architecture.blueprints.todoapp.util.TopAppBarsKt.TasksTopAppBarPreview,TasksTopAppBarPreview,TopAppBarsKt,com.example.android.architecture.blueprints.todoapp.util,app/src/main/java/com/example/android/architecture/blueprints/todoapp/util/TopAppBars.kt,app_main
com.example.android.architecture.blueprints.todoapp.util.TopAppBarsKt.StatisticsTopAppBarPreview,StatisticsTopAppBarPreview,TopAppBarsKt,com.example.android.architecture.blueprints.todoapp.util,app/src/main/java/com/example/android/architecture/blueprints/todoapp/util/TopAppBars.kt,app_main
com.example.android.architecture.blueprints.todoapp.util.TopAppBarsKt.TaskDetailTopAppBarPreview,TaskDetailTopAppBarPreview,TopAppBarsKt,com.example.android.architecture.blueprints.todoapp.util,app/src/main/java/com/example/android/architecture/blueprints/todoapp/util/TopAppBars.kt,app_main
com.example.android.architecture.blueprints.todoapp.util.TopAppBarsKt.AddEditTaskTopAppBarPreview,AddEditTaskTopAppBarPreview,TopAppBarsKt,com.example.android.architecture.blueprints.todoapp.util,app/src/main/java/com/example/android/architecture/blueprints/todoapp/util/TopAppBars.kt,app_main
com.example.android.architecture.blueprints.todoapp.addedittask.AddEditTaskViewModelTest.setupViewModel,setupViewModel,AddEditTaskViewModelTest,com.example.android.architecture.blueprints.todoapp.addedittask,app/src/test/java/com/example/android/architecture/blueprints/todoapp/addedittask/AddEditTaskViewModelTest.kt,app_unit_test
com.example.android.architecture.blueprints.todoapp.addedittask.AddEditTaskViewModelTest.saveNewTaskToRepository_showsSuccessMessageUi,saveNewTaskToRepository_showsSuccessMessageUi,AddEditTaskViewModelTest,com.example.android.architecture.blueprints.todoapp.addedittask,app/src/test/java/com/example/android/architecture/blueprints/todoapp/addedittask/AddEditTaskViewModelTest.kt,app_unit_test
com.example.android.architecture.blueprints.todoapp.addedittask.AddEditTaskViewModelTest.loadTasks_loading,loadTasks_loading,AddEditTaskViewModelTest,com.example.android.architecture.blueprints.todoapp.addedittask,app/src/test/java/com/example/android/architecture/blueprints/todoapp/addedittask/AddEditTaskViewModelTest.kt,app_unit_test
com.example.android.architecture.blueprints.todoapp.addedittask.AddEditTaskViewModelTest.loadTasks_taskShown,loadTasks_taskShown,AddEditTaskViewModelTest,com.example.android.architecture.blueprints.todoapp.addedittask,app/src/test/java/com/example/android/architecture/blueprints/todoapp/addedittask/AddEditTaskViewModelTest.kt,app_unit_test
com.example.android.architecture.blueprints.todoapp.addedittask.AddEditTaskViewModelTest.saveNewTaskToRepository_emptyTitle_error,saveNewTaskToRepository_emptyTitle_error,AddEditTaskViewModelTest,com.example.android.architecture.blueprints.todoapp.addedittask,app/src/test/java/com/example/android/architecture/blueprints/todoapp/addedittask/AddEditTaskViewModelTest.kt,app_unit_test
com.example.android.architecture.blueprints.todoapp.addedittask.AddEditTaskViewModelTest.saveNewTaskToRepository_emptyDescription_error,saveNewTaskToRepository_emptyDescription_error,AddEditTaskViewModelTest,com.example.android.architecture.blueprints.todoapp.addedittask,app/src/test/java/com/example/android/architecture/blueprints/todoapp/addedittask/AddEditTaskViewModelTest.kt,app_unit_test
com.example.android.architecture.blueprints.todoapp.addedittask.AddEditTaskViewModelTest.saveNewTaskToRepository_emptyDescriptionEmptyTitle_error,saveNewTaskToRepository_emptyDescriptionEmptyTitle_error,AddEditTaskViewModelTest,com.example.android.architecture.blueprints.todoapp.addedittask,app/src/test/java/com/example/android/architecture/blueprints/todoapp/addedittask/AddEditTaskViewModelTest.kt,app_unit_test
com.example.android.architecture.blueprints.todoapp.addedittask.AddEditTaskViewModelTest.saveTaskAndAssertUserMessage,saveTaskAndAssertUserMessage,AddEditTaskViewModelTest,com.example.android.architecture.blueprints.todoapp.addedittask,app/src/test/java/com/example/android/architecture/blueprints/todoapp/addedittask/AddEditTaskViewModelTest.kt,app_unit_test
com.example.android.architecture.blueprints.todoapp.data.DefaultTaskRepositoryTest.createRepository,createRepository,DefaultTaskRepositoryTest,com.example.android.architecture.blueprints.todoapp.data,app/src/test/java/com/example/android/architecture/blueprints/todoapp/data/DefaultTaskRepositoryTest.kt,app_unit_test
com.example.android.architecture.blueprints.todoapp.data.DefaultTaskRepositoryTest.getTasks_emptyRepositoryAndUninitializedCache,getTasks_emptyRepositoryAndUninitializedCache,DefaultTaskRepositoryTest,com.example.android.architecture.blueprints.todoapp.data,app/src/test/java/com/example/android/architecture/blueprints/todoapp/data/DefaultTaskRepositoryTest.kt,app_unit_test
com.example.android.architecture.blueprints.todoapp.data.DefaultTaskRepositoryTest.getTasks_repositoryCachesAfterFirstApiCall,getTasks_repositoryCachesAfterFirstApiCall,DefaultTaskRepositoryTest,com.example.android.architecture.blueprints.todoapp.data,app/src/test/java/com/example/android/architecture/blueprints/todoapp/data/DefaultTaskRepositoryTest.kt,app_unit_test
com.example.android.architecture.blueprints.todoapp.data.DefaultTaskRepositoryTest.getTasks_requestsAllTasksFromRemoteDataSource,getTasks_requestsAllTasksFromRemoteDataSource,DefaultTaskRepositoryTest,com.example.android.architecture.blueprints.todoapp.data,app/src/test/java/com/example/android/architecture/blueprints/todoapp/data/DefaultTaskRepositoryTest.kt,app_unit_test
com.example.android.architecture.blueprints.todoapp.data.DefaultTaskRepositoryTest.saveTask_savesToLocalAndRemote,saveTask_savesToLocalAndRemote,DefaultTaskRepositoryTest,com.example.android.architecture.blueprints.todoapp.data,app/src/test/java/com/example/android/architecture/blueprints/todoapp/data/DefaultTaskRepositoryTest.kt,app_unit_test
com.example.android.architecture.blueprints.todoapp.data.DefaultTaskRepositoryTest.getTasks_WithDirtyCache_tasksAreRetrievedFromRemote,getTasks_WithDirtyCache_tasksAreRetrievedFromRemote,DefaultTaskRepositoryTest,com.example.android.architecture.blueprints.todoapp.data,app/src/test/java/com/example/android/architecture/blueprints/todoapp/data/DefaultTaskRepositoryTest.kt,app_unit_test
com.example.android.architecture.blueprints.todoapp.data.DefaultTaskRepositoryTest.getTasks_WithDirtyCache_remoteUnavailable_throwsException,getTasks_WithDirtyCache_remoteUnavailable_throwsException,DefaultTaskRepositoryTest,com.example.android.architecture.blueprints.todoapp.data,app/src/test/java/com/example/android/architecture/blueprints/todoapp/data/DefaultTaskRepositoryTest.kt,app_unit_test
com.example.android.architecture.blueprints.todoapp.data.DefaultTaskRepositoryTest.getTasks_WithRemoteDataSourceUnavailable_tasksAreRetrievedFromLocal,getTasks_WithRemoteDataSourceUnavailable_tasksAreRetrievedFromLocal,DefaultTaskRepositoryTest,com.example.android.architecture.blueprints.todoapp.data,app/src/test/java/com/example/android/architecture/blueprints/todoapp/data/DefaultTaskRepositoryTest.kt,app_unit_test
com.example.android.architecture.blueprints.todoapp.data.DefaultTaskRepositoryTest.getTasks_WithBothDataSourcesUnavailable_throwsError,getTasks_WithBothDataSourcesUnavailable_throwsError,DefaultTaskRepositoryTest,com.example.android.architecture.blueprints.todoapp.data,app/src/test/java/com/example/android/architecture/blueprints/todoapp/data/DefaultTaskRepositoryTest.kt,app_unit_test
com.example.android.architecture.blueprints.todoapp.data.DefaultTaskRepositoryTest.getTasks_refreshesLocalDataSource,getTasks_refreshesLocalDataSource,DefaultTaskRepositoryTest,com.example.android.architecture.blueprints.todoapp.data,app/src/test/java/com/example/android/architecture/blueprints/todoapp/data/DefaultTaskRepositoryTest.kt,app_unit_test
com.example.android.architecture.blueprints.todoapp.data.DefaultTaskRepositoryTest.completeTask_completesTaskToServiceAPIUpdatesCache,completeTask_completesTaskToServiceAPIUpdatesCache,DefaultTaskRepositoryTest,com.example.android.architecture.blueprints.todoapp.data,app/src/test/java/com/example/android/architecture/blueprints/todoapp/data/DefaultTaskRepositoryTest.kt,app_unit_test
com.example.android.architecture.blueprints.todoapp.data.DefaultTaskRepositoryTest.completeTask_activeTaskToServiceAPIUpdatesCache,completeTask_activeTaskToServiceAPIUpdatesCache,DefaultTaskRepositoryTest,com.example.android.architecture.blueprints.todoapp.data,app/src/test/java/com/example/android/architecture/blueprints/todoapp/data/DefaultTaskRepositoryTest.kt,app_unit_test
com.example.android.architecture.blueprints.todoapp.data.DefaultTaskRepositoryTest.getTask_repositoryCachesAfterFirstApiCall,getTask_repositoryCachesAfterFirstApiCall,DefaultTaskRepositoryTest,com.example.android.architecture.blueprints.todoapp.data,app/src/test/java/com/example/android/architecture/blueprints/todoapp/data/DefaultTaskRepositoryTest.kt,app_unit_test
com.example.android.architecture.blueprints.todoapp.data.DefaultTaskRepositoryTest.getTask_forceRefresh,getTask_forceRefresh,DefaultTaskRepositoryTest,com.example.android.architecture.blueprints.todoapp.data,app/src/test/java/com/example/android/architecture/blueprints/todoapp/data/DefaultTaskRepositoryTest.kt,app_unit_test
com.example.android.architecture.blueprints.todoapp.data.DefaultTaskRepositoryTest.clearCompletedTasks,clearCompletedTasks,DefaultTaskRepositoryTest,com.example.android.architecture.blueprints.todoapp.data,app/src/test/java/com/example/android/architecture/blueprints/todoapp/data/DefaultTaskRepositoryTest.kt,app_unit_test
com.example.android.architecture.blueprints.todoapp.data.DefaultTaskRepositoryTest.deleteAllTasks,deleteAllTasks,DefaultTaskRepositoryTest,com.example.android.architecture.blueprints.todoapp.data,app/src/test/java/com/example/android/architecture/blueprints/todoapp/data/DefaultTaskRepositoryTest.kt,app_unit_test
com.example.android.architecture.blueprints.todoapp.data.DefaultTaskRepositoryTest.deleteSingleTask,deleteSingleTask,DefaultTaskRepositoryTest,com.example.android.architecture.blueprints.todoapp.data,app/src/test/java/com/example/android/architecture/blueprints/todoapp/data/DefaultTaskRepositoryTest.kt,app_unit_test
com.example.android.architecture.blueprints.todoapp.MainActivityRobolectricTest.robolectricEnvironment_isAvailable,robolectricEnvironment_isAvailable,MainActivityRobolectricTest,com.example.android.architecture.blueprints.todoapp,app/src/test/java/com/example/android/architecture/blueprints/todoapp/MainActivityRobolectricTest.kt,app_unit_test
com.example.android.architecture.blueprints.todoapp.statistics.StatisticsUtilsTest.getActiveAndCompletedStats_noCompleted,getActiveAndCompletedStats_noCompleted,StatisticsUtilsTest,com.example.android.architecture.blueprints.todoapp.statistics,app/src/test/java/com/example/android/architecture/blueprints/todoapp/statistics/StatisticsUtilsTest.kt,app_unit_test
com.example.android.architecture.blueprints.todoapp.statistics.StatisticsUtilsTest.getActiveAndCompletedStats_noActive,getActiveAndCompletedStats_noActive,StatisticsUtilsTest,com.example.android.architecture.blueprints.todoapp.statistics,app/src/test/java/com/example/android/architecture/blueprints/todoapp/statistics/StatisticsUtilsTest.kt,app_unit_test
com.example.android.architecture.blueprints.todoapp.statistics.StatisticsUtilsTest.getActiveAndCompletedStats_both,getActiveAndCompletedStats_both,StatisticsUtilsTest,com.example.android.architecture.blueprints.todoapp.statistics,app/src/test/java/com/example/android/architecture/blueprints/todoapp/statistics/StatisticsUtilsTest.kt,app_unit_test
com.example.android.architecture.blueprints.todoapp.statistics.StatisticsUtilsTest.getActiveAndCompletedStats_empty,getActiveAndCompletedStats_empty,StatisticsUtilsTest,com.example.android.architecture.blueprints.todoapp.statistics,app/src/test/java/com/example/android/architecture/blueprints/todoapp/statistics/StatisticsUtilsTest.kt,app_unit_test
com.example.android.architecture.blueprints.todoapp.statistics.StatisticsViewModelTest.setupStatisticsViewModel,setupStatisticsViewModel,StatisticsViewModelTest,com.example.android.architecture.blueprints.todoapp.statistics,app/src/test/java/com/example/android/architecture/blueprints/todoapp/statistics/StatisticsViewModelTest.kt,app_unit_test
com.example.android.architecture.blueprints.todoapp.statistics.StatisticsViewModelTest.loadEmptyTasksFromRepository_EmptyResults,loadEmptyTasksFromRepository_EmptyResults,StatisticsViewModelTest,com.example.android.architecture.blueprints.todoapp.statistics,app/src/test/java/com/example/android/architecture/blueprints/todoapp/statistics/StatisticsViewModelTest.kt,app_unit_test
com.example.android.architecture.blueprints.todoapp.statistics.StatisticsViewModelTest.loadNonEmptyTasksFromRepository_NonEmptyResults,loadNonEmptyTasksFromRepository_NonEmptyResults,StatisticsViewModelTest,com.example.android.architecture.blueprints.todoapp.statistics,app/src/test/java/com/example/android/architecture/blueprints/todoapp/statistics/StatisticsViewModelTest.kt,app_unit_test
com.example.android.architecture.blueprints.todoapp.statistics.StatisticsViewModelTest.loadTasks_loading,loadTasks_loading,StatisticsViewModelTest,com.example.android.architecture.blueprints.todoapp.statistics,app/src/test/java/com/example/android/architecture/blueprints/todoapp/statistics/StatisticsViewModelTest.kt,app_unit_test
com.example.android.architecture.blueprints.todoapp.taskdetail.TaskDetailViewModelTest.setupViewModel,setupViewModel,TaskDetailViewModelTest,com.example.android.architecture.blueprints.todoapp.taskdetail,app/src/test/java/com/example/android/architecture/blueprints/todoapp/taskdetail/TaskDetailViewModelTest.kt,app_unit_test
com.example.android.architecture.blueprints.todoapp.taskdetail.TaskDetailViewModelTest.getActiveTaskFromRepositoryAndLoadIntoView,getActiveTaskFromRepositoryAndLoadIntoView,TaskDetailViewModelTest,com.example.android.architecture.blueprints.todoapp.taskdetail,app/src/test/java/com/example/android/architecture/blueprints/todoapp/taskdetail/TaskDetailViewModelTest.kt,app_unit_test
com.example.android.architecture.blueprints.todoapp.taskdetail.TaskDetailViewModelTest.completeTask,completeTask,TaskDetailViewModelTest,com.example.android.architecture.blueprints.todoapp.taskdetail,app/src/test/java/com/example/android/architecture/blueprints/todoapp/taskdetail/TaskDetailViewModelTest.kt,app_unit_test
com.example.android.architecture.blueprints.todoapp.taskdetail.TaskDetailViewModelTest.activateTask,activateTask,TaskDetailViewModelTest,com.example.android.architecture.blueprints.todoapp.taskdetail,app/src/test/java/com/example/android/architecture/blueprints/todoapp/taskdetail/TaskDetailViewModelTest.kt,app_unit_test
com.example.android.architecture.blueprints.todoapp.taskdetail.TaskDetailViewModelTest.taskDetailViewModel_repositoryError,taskDetailViewModel_repositoryError,TaskDetailViewModelTest,com.example.android.architecture.blueprints.todoapp.taskdetail,app/src/test/java/com/example/android/architecture/blueprints/todoapp/taskdetail/TaskDetailViewModelTest.kt,app_unit_test
com.example.android.architecture.blueprints.todoapp.taskdetail.TaskDetailViewModelTest.taskDetailViewModel_taskNotFound,taskDetailViewModel_taskNotFound,TaskDetailViewModelTest,com.example.android.architecture.blueprints.todoapp.taskdetail,app/src/test/java/com/example/android/architecture/blueprints/todoapp/taskdetail/TaskDetailViewModelTest.kt,app_unit_test
com.example.android.architecture.blueprints.todoapp.taskdetail.TaskDetailViewModelTest.deleteTask,deleteTask,TaskDetailViewModelTest,com.example.android.architecture.blueprints.todoapp.taskdetail,app/src/test/java/com/example/android/architecture/blueprints/todoapp/taskdetail/TaskDetailViewModelTest.kt,app_unit_test
com.example.android.architecture.blueprints.todoapp.taskdetail.TaskDetailViewModelTest.loadTask_loading,loadTask_loading,TaskDetailViewModelTest,com.example.android.architecture.blueprints.todoapp.taskdetail,app/src/test/java/com/example/android/architecture/blueprints/todoapp/taskdetail/TaskDetailViewModelTest.kt,app_unit_test
com.example.android.architecture.blueprints.todoapp.tasks.TasksViewModelTest.setupViewModel,setupViewModel,TasksViewModelTest,com.example.android.architecture.blueprints.todoapp.tasks,app/src/test/java/com/example/android/architecture/blueprints/todoapp/tasks/TasksViewModelTest.kt,app_unit_test
com.example.android.architecture.blueprints.todoapp.tasks.TasksViewModelTest.loadAllTasksFromRepository_loadingTogglesAndDataLoaded,loadAllTasksFromRepository_loadingTogglesAndDataLoaded,TasksViewModelTest,com.example.android.architecture.blueprints.todoapp.tasks,app/src/test/java/com/example/android/architecture/blueprints/todoapp/tasks/TasksViewModelTest.kt,app_unit_test
com.example.android.architecture.blueprints.todoapp.tasks.TasksViewModelTest.loadActiveTasksFromRepositoryAndLoadIntoView,loadActiveTasksFromRepositoryAndLoadIntoView,TasksViewModelTest,com.example.android.architecture.blueprints.todoapp.tasks,app/src/test/java/com/example/android/architecture/blueprints/todoapp/tasks/TasksViewModelTest.kt,app_unit_test
com.example.android.architecture.blueprints.todoapp.tasks.TasksViewModelTest.loadCompletedTasksFromRepositoryAndLoadIntoView,loadCompletedTasksFromRepositoryAndLoadIntoView,TasksViewModelTest,com.example.android.architecture.blueprints.todoapp.tasks,app/src/test/java/com/example/android/architecture/blueprints/todoapp/tasks/TasksViewModelTest.kt,app_unit_test
com.example.android.architecture.blueprints.todoapp.tasks.TasksViewModelTest.loadTasks_error,loadTasks_error,TasksViewModelTest,com.example.android.architecture.blueprints.todoapp.tasks,app/src/test/java/com/example/android/architecture/blueprints/todoapp/tasks/TasksViewModelTest.kt,app_unit_test
com.example.android.architecture.blueprints.todoapp.tasks.TasksViewModelTest.clearCompletedTasks_clearsTasks,clearCompletedTasks_clearsTasks,TasksViewModelTest,com.example.android.architecture.blueprints.todoapp.tasks,app/src/test/java/com/example/android/architecture/blueprints/todoapp/tasks/TasksViewModelTest.kt,app_unit_test
com.example.android.architecture.blueprints.todoapp.tasks.TasksViewModelTest.showEditResultMessages_editOk_snackbarUpdated,showEditResultMessages_editOk_snackbarUpdated,TasksViewModelTest,com.example.android.architecture.blueprints.todoapp.tasks,app/src/test/java/com/example/android/architecture/blueprints/todoapp/tasks/TasksViewModelTest.kt,app_unit_test
com.example.android.architecture.blueprints.todoapp.tasks.TasksViewModelTest.showEditResultMessages_addOk_snackbarUpdated,showEditResultMessages_addOk_snackbarUpdated,TasksViewModelTest,com.example.android.architecture.blueprints.todoapp.tasks,app/src/test/java/com/example/android/architecture/blueprints/todoapp/tasks/TasksViewModelTest.kt,app_unit_test
com.example.android.architecture.blueprints.todoapp.tasks.TasksViewModelTest.showEditResultMessages_deleteOk_snackbarUpdated,showEditResultMessages_deleteOk_snackbarUpdated,TasksViewModelTest,com.example.android.architecture.blueprints.todoapp.tasks,app/src/test/java/com/example/android/architecture/blueprints/todoapp/tasks/TasksViewModelTest.kt,app_unit_test
com.example.android.architecture.blueprints.todoapp.tasks.TasksViewModelTest.completeTask_dataAndSnackbarUpdated,completeTask_dataAndSnackbarUpdated,TasksViewModelTest,com.example.android.architecture.blueprints.todoapp.tasks,app/src/test/java/com/example/android/architecture/blueprints/todoapp/tasks/TasksViewModelTest.kt,app_unit_test
com.example.android.architecture.blueprints.todoapp.tasks.TasksViewModelTest.activateTask_dataAndSnackbarUpdated,activateTask_dataAndSnackbarUpdated,TasksViewModelTest,com.example.android.architecture.blueprints.todoapp.tasks,app/src/test/java/com/example/android/architecture/blueprints/todoapp/tasks/TasksViewModelTest.kt,app_unit_test
com.example.android.architecture.blueprints.todoapp.TodoListManagerTest.addTask_validTask_shouldAddSuccessfully,addTask_validTask_shouldAddSuccessfully,TodoListManagerTest,com.example.android.architecture.blueprints.todoapp,app/src/test/java/com/example/android/architecture/blueprints/todoapp/TodoListManagerTest.kt,app_unit_test
com.example.android.architecture.blueprints.todoapp.TodoListManagerTest.addTask_blankTask_shouldNotAdd,addTask_blankTask_shouldNotAdd,TodoListManagerTest,com.example.android.architecture.blueprints.todoapp,app/src/test/java/com/example/android/architecture/blueprints/todoapp/TodoListManagerTest.kt,app_unit_test
com.example.android.architecture.blueprints.todoapp.TodoListManagerTest.removeTask_existingTask_shouldRemoveSuccessfully,removeTask_existingTask_shouldRemoveSuccessfully,TodoListManagerTest,com.example.android.architecture.blueprints.todoapp,app/src/test/java/com/example/android/architecture/blueprints/todoapp/TodoListManagerTest.kt,app_unit_test
com.example.android.architecture.blueprints.todoapp.TodoListManagerTest.removeTask_nonExistingTask_shouldReturnFalse,removeTask_nonExistingTask_shouldReturnFalse,TodoListManagerTest,com.example.android.architecture.blueprints.todoapp,app/src/test/java/com/example/android/architecture/blueprints/todoapp/TodoListManagerTest.kt,app_unit_test
com.example.android.architecture.blueprints.todoapp.TodoListManagerTest.updateTask_existingTask_shouldUpdateSuccessfully,updateTask_existingTask_shouldUpdateSuccessfully,TodoListManagerTest,com.example.android.architecture.blueprints.todoapp,app/src/test/java/com/example/android/architecture/blueprints/todoapp/TodoListManagerTest.kt,app_unit_test
com.example.android.architecture.blueprints.todoapp.TodoListManagerTest.updateTask_nonExistingTask_shouldReturnFalse,updateTask_nonExistingTask_shouldReturnFalse,TodoListManagerTest,com.example.android.architecture.blueprints.todoapp,app/src/test/java/com/example/android/architecture/blueprints/todoapp/TodoListManagerTest.kt,app_unit_test
com.example.android.architecture.blueprints.todoapp.TodoListManagerTest.clearTasks_shouldRemoveAllTasks,clearTasks_shouldRemoveAllTasks,TodoListManagerTest,com.example.android.architecture.blueprints.todoapp,app/src/test/java/com/example/android/architecture/blueprints/todoapp/TodoListManagerTest.kt,app_unit_test
com.example.android.architecture.blueprints.todoapp.TodoServiceMockKTest.loadTasks_repositoryReturnsTasks_shouldReturnTaskList,loadTasks_repositoryReturnsTasks_shouldReturnTaskList,TodoServiceMockKTest,com.example.android.architecture.blueprints.todoapp,app/src/test/java/com/example/android/architecture/blueprints/todoapp/TodoServiceMockKTest.kt,app_unit_test
com.example.android.architecture.blueprints.todoapp.TodoServiceMockKTest.addNewTask_validTask_shouldCallRepository,addNewTask_validTask_shouldCallRepository,TodoServiceMockKTest,com.example.android.architecture.blueprints.todoapp,app/src/test/java/com/example/android/architecture/blueprints/todoapp/TodoServiceMockKTest.kt,app_unit_test
com.example.android.architecture.blueprints.todoapp.TodoServiceMockKTest.addNewTask_blankTask_shouldNotCallRepository,addNewTask_blankTask_shouldNotCallRepository,TodoServiceMockKTest,com.example.android.architecture.blueprints.todoapp,app/src/test/java/com/example/android/architecture/blueprints/todoapp/TodoServiceMockKTest.kt,app_unit_test
com.example.android.architecture.blueprints.todoapp.TodoServiceMockKTest.deleteExistingTask_validTask_shouldCallRepository,deleteExistingTask_validTask_shouldCallRepository,TodoServiceMockKTest,com.example.android.architecture.blueprints.todoapp,app/src/test/java/com/example/android/architecture/blueprints/todoapp/TodoServiceMockKTest.kt,app_unit_test
com.example.android.architecture.blueprints.todoapp.TodoServiceMockKTest.deleteExistingTask_blankTask_shouldNotCallRepository,deleteExistingTask_blankTask_shouldNotCallRepository,TodoServiceMockKTest,com.example.android.architecture.blueprints.todoapp,app/src/test/java/com/example/android/architecture/blueprints/todoapp/TodoServiceMockKTest.kt,app_unit_test
com.example.android.architecture.blueprints.todoapp.CustomTestRunner.newApplication,newApplication,CustomTestRunner,com.example.android.architecture.blueprints.todoapp,shared-test/src/main/java/com/example/android/architecture/blueprints/todoapp/CustomTestRunner.kt,shared_test_main
com.example.android.architecture.blueprints.todoapp.data.FakeTaskRepository.setShouldThrowError,setShouldThrowError,FakeTaskRepository,com.example.android.architecture.blueprints.todoapp.data,shared-test/src/main/java/com/example/android/architecture/blueprints/todoapp/data/FakeTaskRepository.kt,shared_test_main
com.example.android.architecture.blueprints.todoapp.data.FakeTaskRepository.refresh,refresh,FakeTaskRepository,com.example.android.architecture.blueprints.todoapp.data,shared-test/src/main/java/com/example/android/architecture/blueprints/todoapp/data/FakeTaskRepository.kt,shared_test_main
com.example.android.architecture.blueprints.todoapp.data.FakeTaskRepository.refreshTask,refreshTask,FakeTaskRepository,com.example.android.architecture.blueprints.todoapp.data,shared-test/src/main/java/com/example/android/architecture/blueprints/todoapp/data/FakeTaskRepository.kt,shared_test_main
com.example.android.architecture.blueprints.todoapp.data.FakeTaskRepository.createTask,createTask,FakeTaskRepository,com.example.android.architecture.blueprints.todoapp.data,shared-test/src/main/java/com/example/android/architecture/blueprints/todoapp/data/FakeTaskRepository.kt,shared_test_main
com.example.android.architecture.blueprints.todoapp.data.FakeTaskRepository.getTasksStream,getTasksStream,FakeTaskRepository,com.example.android.architecture.blueprints.todoapp.data,shared-test/src/main/java/com/example/android/architecture/blueprints/todoapp/data/FakeTaskRepository.kt,shared_test_main
com.example.android.architecture.blueprints.todoapp.data.FakeTaskRepository.getTaskStream,getTaskStream,FakeTaskRepository,com.example.android.architecture.blueprints.todoapp.data,shared-test/src/main/java/com/example/android/architecture/blueprints/todoapp/data/FakeTaskRepository.kt,shared_test_main
com.example.android.architecture.blueprints.todoapp.data.FakeTaskRepository.getTask,getTask,FakeTaskRepository,com.example.android.architecture.blueprints.todoapp.data,shared-test/src/main/java/com/example/android/architecture/blueprints/todoapp/data/FakeTaskRepository.kt,shared_test_main
com.example.android.architecture.blueprints.todoapp.data.FakeTaskRepository.getTasks,getTasks,FakeTaskRepository,com.example.android.architecture.blueprints.todoapp.data,shared-test/src/main/java/com/example/android/architecture/blueprints/todoapp/data/FakeTaskRepository.kt,shared_test_main
com.example.android.architecture.blueprints.todoapp.data.FakeTaskRepository.updateTask,updateTask,FakeTaskRepository,com.example.android.architecture.blueprints.todoapp.data,shared-test/src/main/java/com/example/android/architecture/blueprints/todoapp/data/FakeTaskRepository.kt,shared_test_main
com.example.android.architecture.blueprints.todoapp.data.FakeTaskRepository.saveTask,saveTask,FakeTaskRepository,com.example.android.architecture.blueprints.todoapp.data,shared-test/src/main/java/com/example/android/architecture/blueprints/todoapp/data/FakeTaskRepository.kt,shared_test_main
com.example.android.architecture.blueprints.todoapp.data.FakeTaskRepository.completeTask,completeTask,FakeTaskRepository,com.example.android.architecture.blueprints.todoapp.data,shared-test/src/main/java/com/example/android/architecture/blueprints/todoapp/data/FakeTaskRepository.kt,shared_test_main
com.example.android.architecture.blueprints.todoapp.data.FakeTaskRepository.activateTask,activateTask,FakeTaskRepository,com.example.android.architecture.blueprints.todoapp.data,shared-test/src/main/java/com/example/android/architecture/blueprints/todoapp/data/FakeTaskRepository.kt,shared_test_main
com.example.android.architecture.blueprints.todoapp.data.FakeTaskRepository.clearCompletedTasks,clearCompletedTasks,FakeTaskRepository,com.example.android.architecture.blueprints.todoapp.data,shared-test/src/main/java/com/example/android/architecture/blueprints/todoapp/data/FakeTaskRepository.kt,shared_test_main
com.example.android.architecture.blueprints.todoapp.data.FakeTaskRepository.deleteTask,deleteTask,FakeTaskRepository,com.example.android.architecture.blueprints.todoapp.data,shared-test/src/main/java/com/example/android/architecture/blueprints/todoapp/data/FakeTaskRepository.kt,shared_test_main
com.example.android.architecture.blueprints.todoapp.data.FakeTaskRepository.deleteAllTasks,deleteAllTasks,FakeTaskRepository,com.example.android.architecture.blueprints.todoapp.data,shared-test/src/main/java/com/example/android/architecture/blueprints/todoapp/data/FakeTaskRepository.kt,shared_test_main
com.example.android.architecture.blueprints.todoapp.data.FakeTaskRepository.generateTaskId,generateTaskId,FakeTaskRepository,com.example.android.architecture.blueprints.todoapp.data,shared-test/src/main/java/com/example/android/architecture/blueprints/todoapp/data/FakeTaskRepository.kt,shared_test_main
com.example.android.architecture.blueprints.todoapp.data.FakeTaskRepository.addTasks,addTasks,FakeTaskRepository,com.example.android.architecture.blueprints.todoapp.data,shared-test/src/main/java/com/example/android/architecture/blueprints/todoapp/data/FakeTaskRepository.kt,shared_test_main
com.example.android.architecture.blueprints.todoapp.data.source.local.FakeTaskDao.getAll,getAll,FakeTaskDao,com.example.android.architecture.blueprints.todoapp.data.source.local,shared-test/src/main/java/com/example/android/architecture/blueprints/todoapp/data/source/local/FakeTaskDao.kt,shared_test_main
com.example.android.architecture.blueprints.todoapp.data.source.local.FakeTaskDao.getById,getById,FakeTaskDao,com.example.android.architecture.blueprints.todoapp.data.source.local,shared-test/src/main/java/com/example/android/architecture/blueprints/todoapp/data/source/local/FakeTaskDao.kt,shared_test_main
com.example.android.architecture.blueprints.todoapp.data.source.local.FakeTaskDao.upsertAll,upsertAll,FakeTaskDao,com.example.android.architecture.blueprints.todoapp.data.source.local,shared-test/src/main/java/com/example/android/architecture/blueprints/todoapp/data/source/local/FakeTaskDao.kt,shared_test_main
com.example.android.architecture.blueprints.todoapp.data.source.local.FakeTaskDao.upsert,upsert,FakeTaskDao,com.example.android.architecture.blueprints.todoapp.data.source.local,shared-test/src/main/java/com/example/android/architecture/blueprints/todoapp/data/source/local/FakeTaskDao.kt,shared_test_main
com.example.android.architecture.blueprints.todoapp.data.source.local.FakeTaskDao.updateCompleted,updateCompleted,FakeTaskDao,com.example.android.architecture.blueprints.todoapp.data.source.local,shared-test/src/main/java/com/example/android/architecture/blueprints/todoapp/data/source/local/FakeTaskDao.kt,shared_test_main
com.example.android.architecture.blueprints.todoapp.data.source.local.FakeTaskDao.deleteAll,deleteAll,FakeTaskDao,com.example.android.architecture.blueprints.todoapp.data.source.local,shared-test/src/main/java/com/example/android/architecture/blueprints/todoapp/data/source/local/FakeTaskDao.kt,shared_test_main
com.example.android.architecture.blueprints.todoapp.data.source.local.FakeTaskDao.deleteById,deleteById,FakeTaskDao,com.example.android.architecture.blueprints.todoapp.data.source.local,shared-test/src/main/java/com/example/android/architecture/blueprints/todoapp/data/source/local/FakeTaskDao.kt,shared_test_main
com.example.android.architecture.blueprints.todoapp.data.source.local.FakeTaskDao.deleteCompleted,deleteCompleted,FakeTaskDao,com.example.android.architecture.blueprints.todoapp.data.source.local,shared-test/src/main/java/com/example/android/architecture/blueprints/todoapp/data/source/local/FakeTaskDao.kt,shared_test_main
com.example.android.architecture.blueprints.todoapp.data.source.local.FakeTaskDao.observeAll,observeAll,FakeTaskDao,com.example.android.architecture.blueprints.todoapp.data.source.local,shared-test/src/main/java/com/example/android/architecture/blueprints/todoapp/data/source/local/FakeTaskDao.kt,shared_test_main
com.example.android.architecture.blueprints.todoapp.data.source.local.FakeTaskDao.observeById,observeById,FakeTaskDao,com.example.android.architecture.blueprints.todoapp.data.source.local,shared-test/src/main/java/com/example/android/architecture/blueprints/todoapp/data/source/local/FakeTaskDao.kt,shared_test_main
com.example.android.architecture.blueprints.todoapp.data.source.network.FakeNetworkDataSource.loadTasks,loadTasks,FakeNetworkDataSource,com.example.android.architecture.blueprints.todoapp.data.source.network,shared-test/src/main/java/com/example/android/architecture/blueprints/todoapp/data/source/network/FakeNetworkDataSource.kt,shared_test_main
com.example.android.architecture.blueprints.todoapp.data.source.network.FakeNetworkDataSource.saveTasks,saveTasks,FakeNetworkDataSource,com.example.android.architecture.blueprints.todoapp.data.source.network,shared-test/src/main/java/com/example/android/architecture/blueprints/todoapp/data/source/network/FakeNetworkDataSource.kt,shared_test_main
com.example.android.architecture.blueprints.todoapp.di.DatabaseTestModule.provideDataBase,provideDataBase,DatabaseTestModule,com.example.android.architecture.blueprints.todoapp.di,shared-test/src/main/java/com/example/android/architecture/blueprints/todoapp/di/DatabaseTestModule.kt,shared_test_main
com.example.android.architecture.blueprints.todoapp.di.RepositoryTestModule.provideTasksRepository,provideTasksRepository,RepositoryTestModule,com.example.android.architecture.blueprints.todoapp.di,shared-test/src/main/java/com/example/android/architecture/blueprints/todoapp/di/RepositoryTestModule.kt,shared_test_main
com.example.android.architecture.blueprints.todoapp.MainCoroutineRule.starting,starting,MainCoroutineRule,com.example.android.architecture.blueprints.todoapp,shared-test/src/main/java/com/example/android/architecture/blueprints/todoapp/MainCoroutineRule.kt,shared_test_main
com.example.android.architecture.blueprints.todoapp.MainCoroutineRule.finished,finished,MainCoroutineRule,com.example.android.architecture.blueprints.todoapp,shared-test/src/main/java/com/example/android/architecture/blueprints/todoapp/MainCoroutineRule.kt,shared_test_main
